Date,Time,Day,LONGITUDE,LATITUDE,Speed,Vehicles,Volume
30-Jun-20,23,2,29.42687988,40.76751709,25,75,High
30-Jun-20,22,2,29.42687988,40.76751709,24,58,High
30-Jun-20,21,2,29.42687988,40.76751709,23,69,High
30-Jun-20,19,2,29.42687988,40.76751709,26,76,High
30-Jun-20,18,2,29.42687988,40.76751709,25,62,High
30-Jun-20,17,2,29.42687988,40.76751709,24,69,High
30-Jun-20,15,2,29.42687988,40.76751709,33,49,High
30-Jun-20,14,2,29.42687988,40.76751709,29,33,Medium
30-Jun-20,13,2,29.42687988,40.76751709,27,40,Medium
30-Jun-20,11,2,29.42687988,40.76751709,27,41,High
30-Jun-20,9,2,29.42687988,40.76751709,30,45,High
30-Jun-20,8,2,29.42687988,40.76751709,35,37,Medium
30-Jun-20,7,2,29.42687988,40.76751709,31,62,High
30-Jun-20,6,2,29.42687988,40.76751709,30,43,High
30-Jun-20,5,2,29.42687988,40.76751709,32,40,Medium
30-Jun-20,4,2,29.42687988,40.76751709,31,40,Medium
30-Jun-20,3,2,29.42687988,40.76751709,32,51,High
30-Jun-20,0,2,29.42687988,40.76751709,19,71,High
29-Jun-20,22,1,29.42687988,40.76751709,21,67,High
29-Jun-20,21,1,29.42687988,40.76751709,23,84,Heavy
29-Jun-20,20,1,29.42687988,40.76751709,26,71,High
29-Jun-20,19,1,29.42687988,40.76751709,24,63,High
29-Jun-20,17,1,29.42687988,40.76751709,26,52,High
29-Jun-20,16,1,29.42687988,40.76751709,22,61,High
29-Jun-20,15,1,29.42687988,40.76751709,26,42,High
29-Jun-20,13,1,29.42687988,40.76751709,24,56,High
29-Jun-20,12,1,29.42687988,40.76751709,24,50,High
29-Jun-20,11,1,29.42687988,40.76751709,30,59,High
29-Jun-20,10,1,29.42687988,40.76751709,33,36,Medium
29-Jun-20,8,1,29.42687988,40.76751709,37,34,Heavy
29-Jun-20,7,1,29.42687988,40.76751709,30,49,High
29-Jun-20,6,1,29.42687988,40.76751709,37,39,Heavy
29-Jun-20,5,1,29.42687988,40.76751709,37,34,Heavy
29-Jun-20,4,1,29.42687988,40.76751709,33,27,Medium
29-Jun-20,3,1,29.42687988,40.76751709,33,49,High
29-Jun-20,2,1,29.42687988,40.76751709,30,68,High
29-Jun-20,1,1,29.42687988,40.76751709,32,56,High
29-Jun-20,0,1,29.42687988,40.76751709,31,67,High
28-Jun-20,23,7,29.42687988,40.76751709,29,53,High
28-Jun-20,22,7,29.42687988,40.76751709,29,53,High
28-Jun-20,21,7,29.42687988,40.76751709,31,37,Medium
28-Jun-20,20,7,29.42687988,40.76751709,26,54,High
28-Jun-20,17,7,29.42687988,40.76751709,35,23,Medium
28-Jun-20,16,7,29.42687988,40.76751709,32,26,Medium
28-Jun-20,14,7,29.42687988,40.76751709,36,28,Heavy
28-Jun-20,13,7,29.42687988,40.76751709,35,27,Medium
28-Jun-20,12,7,29.42687988,40.76751709,36,22,Heavy
28-Jun-20,11,7,29.42687988,40.76751709,31,16,Medium
28-Jun-20,10,7,29.42687988,40.76751709,34,16,Medium
28-Jun-20,9,7,29.42687988,40.76751709,37,14,Low
28-Jun-20,8,7,29.42687988,40.76751709,35,11,Heavy
28-Jun-20,0,7,29.42687988,40.76751709,33,27,Medium
27-Jun-20,23,6,29.42687988,40.76751709,32,29,Medium
27-Jun-20,22,6,29.42687988,40.76751709,36,31,Heavy
27-Jun-20,20,6,29.42687988,40.76751709,31,39,Medium
27-Jun-20,18,6,29.42687988,40.76751709,32,44,High
27-Jun-20,16,6,29.42687988,40.76751709,32,31,Medium
27-Jun-20,14,6,29.42687988,40.76751709,36,50,High
27-Jun-20,13,6,29.42687988,40.76751709,33,57,High
27-Jun-20,11,6,29.42687988,40.76751709,31,50,High
27-Jun-20,10,6,29.42687988,40.76751709,31,38,Medium
27-Jun-20,9,6,29.42687988,40.76751709,35,41,High
27-Jun-20,8,6,29.42687988,40.76751709,33,31,Medium
27-Jun-20,6,6,29.42687988,40.76751709,34,39,Medium
27-Jun-20,5,6,29.42687988,40.76751709,33,28,Medium
27-Jun-20,2,6,29.42687988,40.76751709,31,48,High
27-Jun-20,1,6,29.42687988,40.76751709,23,66,High
27-Jun-20,0,6,29.42687988,40.76751709,17,58,High
26-Jun-20,23,5,29.42687988,40.76751709,19,71,High
26-Jun-20,22,5,29.42687988,40.76751709,16,81,High
26-Jun-20,21,5,29.42687988,40.76751709,17,65,High
26-Jun-20,18,5,29.42687988,40.76751709,18,45,High
26-Jun-20,17,5,29.42687988,40.76751709,19,52,High
26-Jun-20,15,5,29.42687988,40.76751709,26,51,High
26-Jun-20,14,5,29.42687988,40.76751709,27,48,High
26-Jun-20,13,5,29.42687988,40.76751709,24,84,Heavy
26-Jun-20,12,5,29.42687988,40.76751709,23,64,High
26-Jun-20,11,5,29.42687988,40.76751709,33,50,High
26-Jun-20,10,5,29.42687988,40.76751709,31,43,High
26-Jun-20,9,5,29.42687988,40.76751709,33,43,High
26-Jun-20,8,5,29.42687988,40.76751709,32,43,High
26-Jun-20,7,5,29.42687988,40.76751709,32,31,Medium
26-Jun-20,5,5,29.42687988,40.76751709,33,39,Medium
26-Jun-20,3,5,29.42687988,40.76751709,30,59,High
25-Jun-20,23,4,29.42687988,40.76751709,28,75,High
25-Jun-20,22,4,29.42687988,40.76751709,26,87,Heavy
25-Jun-20,21,4,29.42687988,40.76751709,29,95,Heavy
25-Jun-20,20,4,29.42687988,40.76751709,26,75,High
25-Jun-20,19,4,29.42687988,40.76751709,29,80,High
25-Jun-20,18,4,29.42687988,40.76751709,31,42,High
25-Jun-20,17,4,29.42687988,40.76751709,29,59,High
25-Jun-20,16,4,29.42687988,40.76751709,27,55,High
25-Jun-20,15,4,29.42687988,40.76751709,32,55,High
25-Jun-20,14,4,29.42687988,40.76751709,29,47,High
25-Jun-20,13,4,29.42687988,40.76751709,30,70,High
25-Jun-20,12,4,29.42687988,40.76751709,30,58,High
25-Jun-20,11,4,29.42687988,40.76751709,28,58,High
25-Jun-20,10,4,29.42687988,40.76751709,32,49,High
25-Jun-20,9,4,29.42687988,40.76751709,31,55,High
25-Jun-20,8,4,29.42687988,40.76751709,35,41,High
25-Jun-20,6,4,29.42687988,40.76751709,32,45,High
25-Jun-20,4,4,29.42687988,40.76751709,29,58,High
25-Jun-20,3,4,29.42687988,40.76751709,27,53,High
25-Jun-20,2,4,29.42687988,40.76751709,31,63,High
25-Jun-20,1,4,29.42687988,40.76751709,30,66,High
25-Jun-20,0,4,29.42687988,40.76751709,30,74,High
24-Jun-20,22,3,29.42687988,40.76751709,24,67,High
24-Jun-20,21,3,29.42687988,40.76751709,19,84,High
24-Jun-20,20,3,29.42687988,40.76751709,19,101,High
24-Jun-20,19,3,29.42687988,40.76751709,20,52,High
24-Jun-20,18,3,29.42687988,40.76751709,24,53,High
24-Jun-20,17,3,29.42687988,40.76751709,25,63,High
24-Jun-20,16,3,29.42687988,40.76751709,22,71,High
24-Jun-20,15,3,29.42687988,40.76751709,24,68,High
24-Jun-20,14,3,29.42687988,40.76751709,25,63,High
24-Jun-20,13,3,29.42687988,40.76751709,29,67,High
24-Jun-20,12,3,29.42687988,40.76751709,31,67,High
24-Jun-20,11,3,29.42687988,40.76751709,30,52,High
24-Jun-20,10,3,29.42687988,40.76751709,33,34,Medium
24-Jun-20,9,3,29.42687988,40.76751709,31,48,High
24-Jun-20,8,3,29.42687988,40.76751709,34,37,Medium
24-Jun-20,6,3,29.42687988,40.76751709,31,47,High
24-Jun-20,5,3,29.42687988,40.76751709,31,55,High
24-Jun-20,4,3,29.42687988,40.76751709,29,58,High
24-Jun-20,3,3,29.42687988,40.76751709,31,52,High
23-Jun-20,22,2,29.42687988,40.76751709,21,89,Heavy
23-Jun-20,21,2,29.42687988,40.76751709,26,75,High
23-Jun-20,19,2,29.42687988,40.76751709,28,55,High
23-Jun-20,18,2,29.42687988,40.76751709,29,61,High
23-Jun-20,17,2,29.42687988,40.76751709,23,43,High
23-Jun-20,16,2,29.42687988,40.76751709,30,35,Medium
23-Jun-20,15,2,29.42687988,40.76751709,26,38,Medium
23-Jun-20,14,2,29.42687988,40.76751709,31,53,High
23-Jun-20,13,2,29.42687988,40.76751709,31,54,High
23-Jun-20,12,2,29.42687988,40.76751709,30,60,High
23-Jun-20,11,2,29.42687988,40.76751709,32,65,High
23-Jun-20,10,2,29.42687988,40.76751709,33,36,Medium
23-Jun-20,9,2,29.42687988,40.76751709,31,42,High
23-Jun-20,7,2,29.42687988,40.76751709,31,54,High
23-Jun-20,5,2,29.42687988,40.76751709,33,52,High
23-Jun-20,4,2,29.42687988,40.76751709,31,38,Medium
23-Jun-20,3,2,29.42687988,40.76751709,28,57,High
23-Jun-20,2,2,29.42687988,40.76751709,27,55,High
23-Jun-20,1,2,29.42687988,40.76751709,31,67,High
23-Jun-20,0,2,29.42687988,40.76751709,30,75,High
22-Jun-20,23,1,29.42687988,40.76751709,25,92,Heavy
22-Jun-20,22,1,29.42687988,40.76751709,27,69,High
22-Jun-20,20,1,29.42687988,40.76751709,17,71,High
22-Jun-20,18,1,29.42687988,40.76751709,16,49,High
22-Jun-20,16,1,29.42687988,40.76751709,21,43,High
22-Jun-20,15,1,29.42687988,40.76751709,28,47,High
22-Jun-20,14,1,29.42687988,40.76751709,30,41,High
22-Jun-20,13,1,29.42687988,40.76751709,36,53,High
22-Jun-20,12,1,29.42687988,40.76751709,29,38,Medium
22-Jun-20,11,1,29.42687988,40.76751709,30,40,Medium
22-Jun-20,9,1,29.42687988,40.76751709,33,41,High
22-Jun-20,6,1,29.42687988,40.76751709,37,35,Heavy
22-Jun-20,5,1,29.42687988,40.76751709,38,21,Heavy
22-Jun-20,4,1,29.42687988,40.76751709,33,31,Medium
22-Jun-20,3,1,29.42687988,40.76751709,32,40,Medium
22-Jun-20,2,1,29.42687988,40.76751709,31,58,High
22-Jun-20,1,1,29.42687988,40.76751709,31,74,High
22-Jun-20,0,1,29.42687988,40.76751709,30,52,High
21-Jun-20,22,7,29.42687988,40.76751709,31,24,Medium
21-Jun-20,21,7,29.42687988,40.76751709,31,50,High
21-Jun-20,20,7,29.42687988,40.76751709,31,34,Medium
21-Jun-20,19,7,29.42687988,40.76751709,29,43,High
21-Jun-20,18,7,29.42687988,40.76751709,36,28,Heavy
21-Jun-20,17,7,29.42687988,40.76751709,34,33,Medium
21-Jun-20,16,7,29.42687988,40.76751709,31,35,Medium
21-Jun-20,15,7,29.42687988,40.76751709,32,32,Medium
21-Jun-20,14,7,29.42687988,40.76751709,36,37,Heavy
21-Jun-20,13,7,29.42687988,40.76751709,31,19,Medium
21-Jun-20,12,7,29.42687988,40.76751709,32,20,Medium
21-Jun-20,10,7,29.42687988,40.76751709,33,20,Medium
21-Jun-20,9,7,29.42687988,40.76751709,35,17,Medium
21-Jun-20,8,7,29.42687988,40.76751709,34,14,Heavy
21-Jun-20,6,7,29.42687988,40.76751709,32,12,Heavy
21-Jun-20,5,7,29.42687988,40.76751709,42,11,Low
21-Jun-20,1,7,29.42687988,40.76751709,33,15,Heavy
21-Jun-20,0,7,29.42687988,40.76751709,32,33,Medium
20-Jun-20,23,6,29.42687988,40.76751709,33,34,Medium
20-Jun-20,22,6,29.42687988,40.76751709,29,24,Medium
20-Jun-20,20,6,29.42687988,40.76751709,30,46,High
20-Jun-20,19,6,29.42687988,40.76751709,33,42,High
20-Jun-20,18,6,29.42687988,40.76751709,33,56,High
20-Jun-20,17,6,29.42687988,40.76751709,27,42,High
20-Jun-20,14,6,29.42687988,40.76751709,35,46,High
20-Jun-20,13,6,29.42687988,40.76751709,31,65,High
20-Jun-20,12,6,29.42687988,40.76751709,39,45,High
20-Jun-20,11,6,29.42687988,40.76751709,34,60,High
20-Jun-20,10,6,29.42687988,40.76751709,34,53,High
20-Jun-20,9,6,29.42687988,40.76751709,36,37,Heavy
20-Jun-20,8,6,29.42687988,40.76751709,32,23,Medium
20-Jun-20,7,6,29.42687988,40.76751709,37,48,High
20-Jun-20,6,6,29.42687988,40.76751709,35,38,Medium
20-Jun-20,4,6,29.42687988,40.76751709,34,25,Medium
20-Jun-20,3,6,29.42687988,40.76751709,30,37,Medium
20-Jun-20,2,6,29.42687988,40.76751709,29,58,High
20-Jun-20,1,6,29.42687988,40.76751709,27,69,High
20-Jun-20,0,6,29.42687988,40.76751709,17,48,High
19-Jun-20,23,5,29.42687988,40.76751709,17,48,High
19-Jun-20,21,5,29.42687988,40.76751709,21,72,High
19-Jun-20,20,5,29.42687988,40.76751709,15,62,High
19-Jun-20,19,5,29.42687988,40.76751709,17,52,High
19-Jun-20,18,5,29.42687988,40.76751709,16,52,High
19-Jun-20,17,5,29.42687988,40.76751709,16,44,High
19-Jun-20,16,5,29.42687988,40.76751709,21,49,High
19-Jun-20,15,5,29.42687988,40.76751709,16,56,High
19-Jun-20,12,5,29.42687988,40.76751709,29,62,High
19-Jun-20,11,5,29.42687988,40.76751709,28,45,High
19-Jun-20,10,5,29.42687988,40.76751709,28,57,High
19-Jun-20,9,5,29.42687988,40.76751709,33,45,High
19-Jun-20,8,5,29.42687988,40.76751709,31,33,Medium
19-Jun-20,7,5,29.42687988,40.76751709,28,39,Medium
19-Jun-20,6,5,29.42687988,40.76751709,34,43,High
19-Jun-20,4,5,29.42687988,40.76751709,32,65,High
19-Jun-20,3,5,29.42687988,40.76751709,29,48,High
19-Jun-20,2,5,29.42687988,40.76751709,30,55,High
19-Jun-20,1,5,29.42687988,40.76751709,27,75,High
19-Jun-20,0,5,29.42687988,40.76751709,20,73,High
18-Jun-20,22,4,29.42687988,40.76751709,20,76,High
18-Jun-20,21,4,29.42687988,40.76751709,19,89,High
18-Jun-20,19,4,29.42687988,40.76751709,21,67,High
18-Jun-20,18,4,29.42687988,40.76751709,22,46,High
18-Jun-20,17,4,29.42687988,40.76751709,22,46,High
18-Jun-20,16,4,29.42687988,40.76751709,22,48,High
18-Jun-20,15,4,29.42687988,40.76751709,23,30,Medium
18-Jun-20,14,4,29.42687988,40.76751709,24,43,High
18-Jun-20,13,4,29.42687988,40.76751709,20,44,High
18-Jun-20,11,4,29.42687988,40.76751709,29,51,High
18-Jun-20,10,4,29.42687988,40.76751709,31,37,Medium
18-Jun-20,9,4,29.42687988,40.76751709,32,32,Medium
18-Jun-20,8,4,29.42687988,40.76751709,32,31,Medium
18-Jun-20,7,4,29.42687988,40.76751709,32,43,High
18-Jun-20,5,4,29.42687988,40.76751709,34,48,High
18-Jun-20,3,4,29.42687988,40.76751709,29,54,High
18-Jun-20,2,4,29.42687988,40.76751709,28,64,High
18-Jun-20,1,4,29.42687988,40.76751709,28,62,High
18-Jun-20,0,4,29.42687988,40.76751709,27,60,High
17-Jun-20,23,3,29.42687988,40.76751709,25,73,High
17-Jun-20,22,3,29.42687988,40.76751709,25,94,Heavy
17-Jun-20,21,3,29.42687988,40.76751709,26,70,High
17-Jun-20,20,3,29.42687988,40.76751709,22,87,Heavy
17-Jun-20,19,3,29.42687988,40.76751709,23,52,High
17-Jun-20,18,3,29.42687988,40.76751709,22,38,Medium
17-Jun-20,17,3,29.42687988,40.76751709,25,32,Medium
17-Jun-20,16,3,29.42687988,40.76751709,18,37,High
17-Jun-20,15,3,29.42687988,40.76751709,23,59,High
17-Jun-20,14,3,29.42687988,40.76751709,24,50,High
17-Jun-20,13,3,29.42687988,40.76751709,31,52,High
17-Jun-20,12,3,29.42687988,40.76751709,28,52,High
17-Jun-20,10,3,29.42687988,40.76751709,30,41,High
17-Jun-20,9,3,29.42687988,40.76751709,35,47,High
17-Jun-20,7,3,29.42687988,40.76751709,29,44,High
17-Jun-20,6,3,29.42687988,40.76751709,33,46,High
17-Jun-20,5,3,29.42687988,40.76751709,31,52,High
17-Jun-20,4,3,29.42687988,40.76751709,31,35,Medium
17-Jun-20,2,3,29.42687988,40.76751709,32,50,High
17-Jun-20,0,3,29.42687988,40.76751709,26,78,High
16-Jun-20,23,2,29.42687988,40.76751709,28,82,Heavy
16-Jun-20,22,2,29.42687988,40.76751709,26,83,Heavy
16-Jun-20,20,2,29.42687988,40.76751709,22,89,Heavy
16-Jun-20,19,2,29.42687988,40.76751709,20,49,High
16-Jun-20,18,2,29.42687988,40.76751709,15,50,High
16-Jun-20,16,2,29.42687988,40.76751709,19,72,High
16-Jun-20,15,2,29.42687988,40.76751709,20,50,High
16-Jun-20,14,2,29.42687988,40.76751709,23,51,High
16-Jun-20,13,2,29.42687988,40.76751709,18,39,High
16-Jun-20,11,2,29.42687988,40.76751709,33,49,High
16-Jun-20,10,2,29.42687988,40.76751709,32,51,High
16-Jun-20,9,2,29.42687988,40.76751709,32,44,High
16-Jun-20,7,2,29.42687988,40.76751709,29,45,High
16-Jun-20,6,2,29.42687988,40.76751709,31,40,Medium
16-Jun-20,4,2,29.42687988,40.76751709,33,48,High
16-Jun-20,3,2,29.42687988,40.76751709,31,64,High
16-Jun-20,2,2,29.42687988,40.76751709,31,47,High
16-Jun-20,1,2,29.42687988,40.76751709,31,76,High
15-Jun-20,23,1,29.42687988,40.76751709,22,70,High
15-Jun-20,22,1,29.42687988,40.76751709,18,78,High
15-Jun-20,20,1,29.42687988,40.76751709,23,73,High
15-Jun-20,19,1,29.42687988,40.76751709,24,50,High
15-Jun-20,17,1,29.42687988,40.76751709,18,40,High
15-Jun-20,16,1,29.42687988,40.76751709,20,48,High
15-Jun-20,15,1,29.42687988,40.76751709,25,42,High
15-Jun-20,14,1,29.42687988,40.76751709,30,52,High
15-Jun-20,13,1,29.42687988,40.76751709,30,46,High
15-Jun-20,12,1,29.42687988,40.76751709,31,58,High
15-Jun-20,11,1,29.42687988,40.76751709,35,56,High
15-Jun-20,10,1,29.42687988,40.76751709,36,39,Heavy
15-Jun-20,9,1,29.42687988,40.76751709,35,33,Medium
15-Jun-20,8,1,29.42687988,40.76751709,39,27,Heavy
15-Jun-20,7,1,29.42687988,40.76751709,30,47,High
15-Jun-20,6,1,29.42687988,40.76751709,31,31,Medium
15-Jun-20,5,1,29.42687988,40.76751709,33,33,Medium
15-Jun-20,4,1,29.42687988,40.76751709,29,37,Medium
15-Jun-20,3,1,29.42687988,40.76751709,28,49,High
15-Jun-20,2,1,29.42687988,40.76751709,31,70,High
15-Jun-20,1,1,29.42687988,40.76751709,29,72,High
14-Jun-20,23,7,29.42687988,40.76751709,35,43,High
14-Jun-20,21,7,29.42687988,40.76751709,29,44,High
14-Jun-20,20,7,29.42687988,40.76751709,35,40,Medium
14-Jun-20,19,7,29.42687988,40.76751709,34,40,Medium
14-Jun-20,17,7,29.42687988,40.76751709,29,38,Medium
14-Jun-20,16,7,29.42687988,40.76751709,37,29,Heavy
14-Jun-20,15,7,29.42687988,40.76751709,32,34,Medium
14-Jun-20,14,7,29.42687988,40.76751709,33,38,Medium
14-Jun-20,12,7,29.42687988,40.76751709,31,35,Medium
14-Jun-20,11,7,29.42687988,40.76751709,35,23,Medium
14-Jun-20,8,7,29.42687988,40.76751709,33,14,Heavy
14-Jun-20,7,7,29.42687988,40.76751709,30,15,Heavy
14-Jun-20,4,7,29.42687988,40.76751709,36,13,Low
14-Jun-20,1,7,29.42687988,40.76751709,34,23,Medium
14-Jun-20,0,7,29.42687988,40.76751709,41,25,Heavy
13-Jun-20,22,6,29.42687988,40.76751709,31,33,Medium
13-Jun-20,21,6,29.42687988,40.76751709,31,40,Medium
13-Jun-20,19,6,29.42687988,40.76751709,34,63,High
13-Jun-20,17,6,29.42687988,40.76751709,30,59,High
13-Jun-20,16,6,29.42687988,40.76751709,35,54,High
13-Jun-20,15,6,29.42687988,40.76751709,31,50,High
13-Jun-20,14,6,29.42687988,40.76751709,28,45,High
13-Jun-20,13,6,29.42687988,40.76751709,33,50,High
13-Jun-20,11,6,29.42687988,40.76751709,32,48,High
13-Jun-20,10,6,29.42687988,40.76751709,34,44,High
13-Jun-20,9,6,29.42687988,40.76751709,35,51,High
13-Jun-20,7,6,29.42687988,40.76751709,28,45,High
13-Jun-20,6,6,29.42687988,40.76751709,39,31,Heavy
13-Jun-20,5,6,29.42687988,40.76751709,35,35,Medium
13-Jun-20,4,6,29.42687988,40.76751709,33,35,Medium
13-Jun-20,3,6,29.42687988,40.76751709,31,42,High
13-Jun-20,2,6,29.42687988,40.76751709,34,40,Medium
13-Jun-20,1,6,29.42687988,40.76751709,28,47,High
13-Jun-20,0,6,29.42687988,40.76751709,25,71,High
12-Jun-20,22,5,29.42687988,40.76751709,19,57,High
12-Jun-20,21,5,29.42687988,40.76751709,17,89,High
12-Jun-20,20,5,29.42687988,40.76751709,17,65,High
12-Jun-20,19,5,29.42687988,40.76751709,18,58,High
12-Jun-20,17,5,29.42687988,40.76751709,20,51,High
12-Jun-20,16,5,29.42687988,40.76751709,28,54,High
12-Jun-20,15,5,29.42687988,40.76751709,31,53,High
12-Jun-20,13,5,29.42687988,40.76751709,32,59,High
12-Jun-20,12,5,29.42687988,40.76751709,33,55,High
12-Jun-20,11,5,29.42687988,40.76751709,33,30,Medium
12-Jun-20,10,5,29.42687988,40.76751709,31,50,High
12-Jun-20,9,5,29.42687988,40.76751709,35,43,High
12-Jun-20,7,5,29.42687988,40.76751709,31,51,High
12-Jun-20,6,5,29.42687988,40.76751709,33,49,High
12-Jun-20,5,5,29.42687988,40.76751709,32,46,High
12-Jun-20,4,5,29.42687988,40.76751709,31,42,High
12-Jun-20,3,5,29.42687988,40.76751709,33,53,High
12-Jun-20,2,5,29.42687988,40.76751709,27,70,High
12-Jun-20,1,5,29.42687988,40.76751709,31,55,High
11-Jun-20,23,4,29.42687988,40.76751709,21,69,High
11-Jun-20,22,4,29.42687988,40.76751709,24,64,High
11-Jun-20,20,4,29.42687988,40.76751709,24,73,High
11-Jun-20,18,4,29.42687988,40.76751709,21,31,Medium
11-Jun-20,16,4,29.42687988,40.76751709,26,50,High
11-Jun-20,15,4,29.42687988,40.76751709,26,38,Medium
11-Jun-20,14,4,29.42687988,40.76751709,27,32,Medium
11-Jun-20,12,4,29.42687988,40.76751709,27,45,High
11-Jun-20,11,4,29.42687988,40.76751709,31,58,High
11-Jun-20,10,4,29.42687988,40.76751709,32,54,High
11-Jun-20,8,4,29.42687988,40.76751709,34,50,High
11-Jun-20,7,4,29.42687988,40.76751709,31,34,Medium
11-Jun-20,6,4,29.42687988,40.76751709,33,54,High
11-Jun-20,5,4,29.42687988,40.76751709,35,46,High
11-Jun-20,4,4,29.42687988,40.76751709,28,42,High
11-Jun-20,3,4,29.42687988,40.76751709,29,52,High
11-Jun-20,2,4,29.42687988,40.76751709,33,48,High
11-Jun-20,1,4,29.42687988,40.76751709,33,74,High
11-Jun-20,0,4,29.42687988,40.76751709,28,62,High
10-Jun-20,23,3,29.42687988,40.76751709,24,63,High
10-Jun-20,20,3,29.42687988,40.76751709,19,95,High
10-Jun-20,19,3,29.42687988,40.76751709,20,69,High
10-Jun-20,18,3,29.42687988,40.76751709,18,59,High
10-Jun-20,17,3,29.42687988,40.76751709,16,54,High
10-Jun-20,16,3,29.42687988,40.76751709,18,56,High
10-Jun-20,15,3,29.42687988,40.76751709,19,39,High
10-Jun-20,13,3,29.42687988,40.76751709,29,75,High
10-Jun-20,12,3,29.42687988,40.76751709,30,65,High
10-Jun-20,11,3,29.42687988,40.76751709,32,45,High
10-Jun-20,10,3,29.42687988,40.76751709,34,51,High
10-Jun-20,9,3,29.42687988,40.76751709,35,60,High
10-Jun-20,8,3,29.42687988,40.76751709,32,46,High
10-Jun-20,7,3,29.42687988,40.76751709,34,45,High
10-Jun-20,6,3,29.42687988,40.76751709,34,41,High
10-Jun-20,5,3,29.42687988,40.76751709,33,43,High
10-Jun-20,4,3,29.42687988,40.76751709,30,68,High
10-Jun-20,3,3,29.42687988,40.76751709,31,49,High
10-Jun-20,2,3,29.42687988,40.76751709,29,51,High
10-Jun-20,1,3,29.42687988,40.76751709,30,70,High
10-Jun-20,0,3,29.42687988,40.76751709,30,72,High
09-Jun-20,23,2,29.42687988,40.76751709,25,65,High
09-Jun-20,22,2,29.42687988,40.76751709,29,74,High
09-Jun-20,21,2,29.42687988,40.76751709,24,78,High
09-Jun-20,20,2,29.42687988,40.76751709,18,74,High
09-Jun-20,19,2,29.42687988,40.76751709,28,66,High
09-Jun-20,17,2,29.42687988,40.76751709,22,60,High
09-Jun-20,16,2,29.42687988,40.76751709,23,51,High
09-Jun-20,15,2,29.42687988,40.76751709,22,30,Medium
09-Jun-20,13,2,29.42687988,40.76751709,35,55,High
09-Jun-20,11,2,29.42687988,40.76751709,34,64,High
09-Jun-20,10,2,29.42687988,40.76751709,36,42,High
09-Jun-20,9,2,29.42687988,40.76751709,31,50,High
09-Jun-20,8,2,29.42687988,40.76751709,35,27,Medium
09-Jun-20,7,2,29.42687988,40.76751709,29,29,Medium
09-Jun-20,6,2,29.42687988,40.76751709,31,37,Medium
09-Jun-20,5,2,29.42687988,40.76751709,31,47,High
09-Jun-20,4,2,29.42687988,40.76751709,32,34,Medium
09-Jun-20,3,2,29.42687988,40.76751709,29,58,High
09-Jun-20,2,2,29.42687988,40.76751709,31,54,High
09-Jun-20,1,2,29.42687988,40.76751709,30,74,High
09-Jun-20,0,2,29.42687988,40.76751709,31,52,High
08-Jun-20,23,1,29.42687988,40.76751709,30,69,High
08-Jun-20,21,1,29.42687988,40.76751709,30,64,High
08-Jun-20,19,1,29.42687988,40.76751709,23,70,High
08-Jun-20,18,1,29.42687988,40.76751709,25,51,High
08-Jun-20,17,1,29.42687988,40.76751709,28,35,Medium
08-Jun-20,16,1,29.42687988,40.76751709,30,40,Medium
08-Jun-20,15,1,29.42687988,40.76751709,31,59,High
08-Jun-20,14,1,29.42687988,40.76751709,32,55,High
08-Jun-20,13,1,29.42687988,40.76751709,29,67,High
08-Jun-20,10,1,29.42687988,40.76751709,35,45,High
08-Jun-20,9,1,29.42687988,40.76751709,39,45,High
08-Jun-20,8,1,29.42687988,40.76751709,32,46,High
08-Jun-20,6,1,29.42687988,40.76751709,36,31,Heavy
08-Jun-20,5,1,29.42687988,40.76751709,33,31,Medium
08-Jun-20,4,1,29.42687988,40.76751709,33,44,High
08-Jun-20,3,1,29.42687988,40.76751709,27,63,High
08-Jun-20,1,1,29.42687988,40.76751709,31,46,High
08-Jun-20,0,1,29.42687988,40.76751709,32,22,Medium
07-Jun-20,15,7,29.42687988,40.76751709,34,31,Medium
07-Jun-20,14,7,29.42687988,40.76751709,38,34,Heavy
07-Jun-20,13,7,29.42687988,40.76751709,35,30,Medium
07-Jun-20,12,7,29.42687988,40.76751709,36,24,Heavy
07-Jun-20,11,7,29.42687988,40.76751709,34,28,Medium
07-Jun-20,10,7,29.42687988,40.76751709,33,27,Medium
07-Jun-20,9,7,29.42687988,40.76751709,33,20,Medium
07-Jun-20,8,7,29.42687988,40.76751709,40,18,Heavy
07-Jun-20,7,7,29.42687988,40.76751709,33,16,Medium
07-Jun-20,3,7,29.42687988,40.76751709,35,11,Heavy
07-Jun-20,2,7,29.42687988,40.76751709,37,11,Low
07-Jun-20,1,7,29.42687988,40.76751709,31,17,Medium
07-Jun-20,0,7,29.42687988,40.76751709,35,18,Medium
06-Jun-20,23,6,29.42687988,40.76751709,36,18,Heavy
06-Jun-20,22,6,29.42687988,40.76751709,26,17,Medium
06-Jun-20,21,6,29.42687988,40.76751709,33,34,Medium
06-Jun-20,20,6,29.42687988,40.76751709,35,41,High
06-Jun-20,19,6,29.42687988,40.76751709,34,42,High
06-Jun-20,18,6,29.42687988,40.76751709,31,48,High
06-Jun-20,17,6,29.42687988,40.76751709,33,63,High
06-Jun-20,16,6,29.42687988,40.76751709,35,48,High
06-Jun-20,15,6,29.42687988,40.76751709,35,47,High
06-Jun-20,14,6,29.42687988,40.76751709,38,45,High
06-Jun-20,13,6,29.42687988,40.76751709,37,47,High
06-Jun-20,12,6,29.42687988,40.76751709,36,47,High
06-Jun-20,11,6,29.42687988,40.76751709,33,48,High
06-Jun-20,10,6,29.42687988,40.76751709,36,52,High
06-Jun-20,9,6,29.42687988,40.76751709,36,36,Heavy
06-Jun-20,7,6,29.42687988,40.76751709,32,40,Medium
06-Jun-20,5,6,29.42687988,40.76751709,34,29,Medium
06-Jun-20,4,6,29.42687988,40.76751709,30,32,Medium
06-Jun-20,2,6,29.42687988,40.76751709,32,37,Medium
06-Jun-20,1,6,29.42687988,40.76751709,26,68,High
06-Jun-20,0,6,29.42687988,40.76751709,20,70,High
05-Jun-20,23,5,29.42687988,40.76751709,16,63,High
05-Jun-20,22,5,29.42687988,40.76751709,18,91,High
05-Jun-20,19,5,29.42687988,40.76751709,17,57,High
05-Jun-20,18,5,29.42687988,40.76751709,19,42,High
05-Jun-20,17,5,29.42687988,40.76751709,20,51,High
05-Jun-20,15,5,29.42687988,40.76751709,16,13,High
05-Jun-20,12,5,29.42687988,40.76751709,22,71,High
05-Jun-20,11,5,29.42687988,40.76751709,34,54,High
05-Jun-20,10,5,29.42687988,40.76751709,30,58,High
05-Jun-20,9,5,29.42687988,40.76751709,35,57,High
05-Jun-20,8,5,29.42687988,40.76751709,34,50,High
05-Jun-20,7,5,29.42687988,40.76751709,31,51,High
05-Jun-20,6,5,29.42687988,40.76751709,31,55,High
05-Jun-20,4,5,29.42687988,40.76751709,31,42,High
05-Jun-20,3,5,29.42687988,40.76751709,31,49,High
05-Jun-20,1,5,29.42687988,40.76751709,29,58,High
05-Jun-20,0,5,29.42687988,40.76751709,29,68,High
04-Jun-20,23,4,29.42687988,40.76751709,24,93,Heavy
04-Jun-20,22,4,29.42687988,40.76751709,23,72,High
04-Jun-20,21,4,29.42687988,40.76751709,26,66,High
04-Jun-20,20,4,29.42687988,40.76751709,26,67,High
04-Jun-20,19,4,29.42687988,40.76751709,24,55,High
04-Jun-20,18,4,29.42687988,40.76751709,27,62,High
04-Jun-20,17,4,29.42687988,40.76751709,28,38,Medium
04-Jun-20,16,4,29.42687988,40.76751709,26,53,High
04-Jun-20,15,4,29.42687988,40.76751709,35,30,Medium
04-Jun-20,14,4,29.42687988,40.76751709,26,43,High
04-Jun-20,12,4,29.42687988,40.76751709,34,56,High
04-Jun-20,11,4,29.42687988,40.76751709,35,63,High
04-Jun-20,10,4,29.42687988,40.76751709,29,49,High
04-Jun-20,9,4,29.42687988,40.76751709,32,59,High
04-Jun-20,8,4,29.42687988,40.76751709,33,44,High
04-Jun-20,7,4,29.42687988,40.76751709,29,51,High
04-Jun-20,6,4,29.42687988,40.76751709,32,64,High
04-Jun-20,5,4,29.42687988,40.76751709,32,30,Medium
04-Jun-20,4,4,29.42687988,40.76751709,29,33,Medium
04-Jun-20,3,4,29.42687988,40.76751709,31,54,High
04-Jun-20,1,4,29.42687988,40.76751709,31,73,High
04-Jun-20,0,4,29.42687988,40.76751709,33,57,High
03-Jun-20,23,3,29.42687988,40.76751709,30,63,High
03-Jun-20,22,3,29.42687988,40.76751709,33,62,High
03-Jun-20,21,3,29.42687988,40.76751709,28,77,High
03-Jun-20,19,3,29.42687988,40.76751709,31,71,High
03-Jun-20,18,3,29.42687988,40.76751709,36,16,Heavy
03-Jun-20,17,3,29.42687988,40.76751709,23,48,High
03-Jun-20,16,3,29.42687988,40.76751709,28,52,High
03-Jun-20,14,3,29.42687988,40.76751709,28,24,Medium
03-Jun-20,13,3,29.42687988,40.76751709,32,64,High
03-Jun-20,12,3,29.42687988,40.76751709,32,53,High
03-Jun-20,11,3,29.42687988,40.76751709,30,46,High
03-Jun-20,10,3,29.42687988,40.76751709,33,45,High
03-Jun-20,9,3,29.42687988,40.76751709,33,32,Medium
03-Jun-20,7,3,29.42687988,40.76751709,31,53,High
03-Jun-20,6,3,29.42687988,40.76751709,33,57,High
03-Jun-20,5,3,29.42687988,40.76751709,31,40,Medium
03-Jun-20,4,3,29.42687988,40.76751709,33,43,High
03-Jun-20,3,3,29.42687988,40.76751709,29,43,High
03-Jun-20,2,3,29.42687988,40.76751709,28,76,High
03-Jun-20,1,3,29.42687988,40.76751709,33,55,High
03-Jun-20,0,3,29.42687988,40.76751709,31,55,High
02-Jun-20,23,2,29.42687988,40.76751709,30,59,High
02-Jun-20,22,2,29.42687988,40.76751709,29,55,High
02-Jun-20,21,2,29.42687988,40.76751709,29,82,Heavy
02-Jun-20,20,2,29.42687988,40.76751709,30,79,High
02-Jun-20,19,2,29.42687988,40.76751709,26,74,High
02-Jun-20,18,2,29.42687988,40.76751709,26,66,High
02-Jun-20,17,2,29.42687988,40.76751709,23,71,High
02-Jun-20,8,2,29.42687988,40.76751709,35,54,High
02-Jun-20,7,2,29.42687988,40.76751709,29,36,Medium
02-Jun-20,6,2,29.42687988,40.76751709,34,59,High
02-Jun-20,4,2,29.42687988,40.76751709,31,36,Medium
02-Jun-20,3,2,29.42687988,40.76751709,32,57,High
02-Jun-20,2,2,29.42687988,40.76751709,31,53,High
02-Jun-20,0,2,29.42687988,40.76751709,33,66,High
01-Jun-20,23,1,29.42687988,40.76751709,30,70,High
01-Jun-20,22,1,29.42687988,40.76751709,28,68,High
01-Jun-20,19,1,29.42687988,40.76751709,17,63,High
01-Jun-20,15,1,29.42687988,40.76751709,19,27,High
01-Jun-20,14,1,29.42687988,40.76751709,31,31,Medium
01-Jun-20,13,1,29.42687988,40.76751709,28,64,High
01-Jun-20,12,1,29.42687988,40.76751709,33,62,High
01-Jun-20,10,1,29.42687988,40.76751709,36,43,High
01-Jun-20,8,1,29.42687988,40.76751709,34,12,Heavy
01-Jun-20,7,1,29.42687988,40.76751709,29,39,Medium
01-Jun-20,6,1,29.42687988,40.76751709,35,41,High
01-Jun-20,5,1,29.42687988,40.76751709,31,50,High
01-Jun-20,4,1,29.42687988,40.76751709,32,31,Medium
01-Jun-20,3,1,29.42687988,40.76751709,30,49,High
01-Jun-20,2,1,29.42687988,40.76751709,30,56,High
01-Jun-20,1,1,29.42687988,40.76751709,30,59,High
01-Jun-20,0,1,29.42687988,40.76751709,32,44,High
31-May-20,23,7,29.42687988,40.76751709,33,28,Medium
31-May-20,22,7,29.42687988,40.76751709,29,53,High
31-May-20,21,7,29.42687988,40.76751709,31,22,Medium
31-May-20,20,7,29.42687988,40.76751709,34,22,Medium
31-May-20,19,7,29.42687988,40.76751709,35,38,Medium
31-May-20,18,7,29.42687988,40.76751709,32,17,Medium
31-May-20,17,7,29.42687988,40.76751709,35,22,Medium
31-May-20,16,7,29.42687988,40.76751709,34,21,Medium
31-May-20,15,7,29.42687988,40.76751709,35,20,Medium
31-May-20,14,7,29.42687988,40.76751709,36,14,Low
31-May-20,13,7,29.42687988,40.76751709,34,17,Medium
31-May-20,11,7,29.42687988,40.76751709,36,11,Low
31-May-20,9,7,29.42687988,40.76751709,33,12,Heavy
31-May-20,8,7,29.42687988,40.76751709,35,12,Heavy
31-May-20,7,7,29.42687988,40.76751709,33,13,Heavy
31-May-20,2,7,29.42687988,40.76751709,32,14,Heavy
30-May-20,21,6,29.42687988,40.76751709,36,21,Heavy
30-May-20,20,6,29.42687988,40.76751709,33,27,Medium
30-May-20,19,6,29.42687988,40.76751709,36,32,Heavy
30-May-20,18,6,29.42687988,40.76751709,38,41,High
30-May-20,17,6,29.42687988,40.76751709,33,33,Medium
30-May-20,16,6,29.42687988,40.76751709,37,26,Heavy
30-May-20,15,6,29.42687988,40.76751709,34,34,Medium
30-May-20,14,6,29.42687988,40.76751709,39,35,Heavy
30-May-20,13,6,29.42687988,40.76751709,36,32,Heavy
30-May-20,12,6,29.42687988,40.76751709,38,30,Heavy
30-May-20,11,6,29.42687988,40.76751709,34,33,Medium
30-May-20,10,6,29.42687988,40.76751709,36,33,Heavy
30-May-20,8,6,29.42687988,40.76751709,33,27,Medium
30-May-20,7,6,29.42687988,40.76751709,32,28,Medium
30-May-20,6,6,29.42687988,40.76751709,31,25,Medium
30-May-20,5,6,29.42687988,40.76751709,30,26,Medium
30-May-20,4,6,29.42687988,40.76751709,34,11,Heavy
30-May-20,3,6,29.42687988,40.76751709,33,31,Medium
30-May-20,2,6,29.42687988,40.76751709,31,33,Medium
30-May-20,1,6,29.42687988,40.76751709,33,39,Medium
30-May-20,0,6,29.42687988,40.76751709,29,45,High
29-May-20,23,5,29.42687988,40.76751709,34,49,High
29-May-20,22,5,29.42687988,40.76751709,29,53,High
29-May-20,21,5,29.42687988,40.76751709,33,80,High
29-May-20,20,5,29.42687988,40.76751709,32,82,Heavy
29-May-20,18,5,29.42687988,40.76751709,28,46,High
29-May-20,17,5,29.42687988,40.76751709,26,22,Medium
29-May-20,16,5,29.42687988,40.76751709,32,60,High
29-May-20,15,5,29.42687988,40.76751709,23,78,High
29-May-20,14,5,29.42687988,40.76751709,33,39,Medium
29-May-20,13,5,29.42687988,40.76751709,32,63,High
29-May-20,12,5,29.42687988,40.76751709,35,52,High
29-May-20,11,5,29.42687988,40.76751709,35,47,High
29-May-20,10,5,29.42687988,40.76751709,33,53,High
29-May-20,9,5,29.42687988,40.76751709,33,42,High
29-May-20,8,5,29.42687988,40.76751709,35,39,Medium
29-May-20,7,5,29.42687988,40.76751709,30,38,Medium
29-May-20,6,5,29.42687988,40.76751709,34,44,High
29-May-20,5,5,29.42687988,40.76751709,31,49,High
29-May-20,4,5,29.42687988,40.76751709,30,72,High
29-May-20,3,5,29.42687988,40.76751709,29,59,High
29-May-20,2,5,29.42687988,40.76751709,31,62,High
29-May-20,1,5,29.42687988,40.76751709,29,61,High
29-May-20,0,5,29.42687988,40.76751709,30,59,High
28-May-20,23,4,29.42687988,40.76751709,31,64,High
28-May-20,22,4,29.42687988,40.76751709,27,55,High
28-May-20,21,4,29.42687988,40.76751709,33,70,High
28-May-20,20,4,29.42687988,40.76751709,32,73,High
28-May-20,19,4,29.42687988,40.76751709,25,38,Medium
28-May-20,18,4,29.42687988,40.76751709,28,34,Medium
28-May-20,17,4,29.42687988,40.76751709,24,63,High
28-May-20,16,4,29.42687988,40.76751709,32,61,High
28-May-20,15,4,29.42687988,40.76751709,31,62,High
28-May-20,14,4,29.42687988,40.76751709,31,54,High
28-May-20,13,4,29.42687988,40.76751709,36,57,High
28-May-20,12,4,29.42687988,40.76751709,35,59,High
28-May-20,11,4,29.42687988,40.76751709,33,43,High
28-May-20,10,4,29.42687988,40.76751709,33,40,Medium
28-May-20,8,4,29.42687988,40.76751709,37,46,High
28-May-20,7,4,29.42687988,40.76751709,34,41,High
28-May-20,6,4,29.42687988,40.76751709,33,40,Medium
28-May-20,5,4,29.42687988,40.76751709,32,48,High
28-May-20,4,4,29.42687988,40.76751709,31,45,High
28-May-20,2,4,29.42687988,40.76751709,29,45,High
28-May-20,0,4,29.42687988,40.76751709,25,71,High
27-May-20,23,3,29.42687988,40.76751709,31,59,High
27-May-20,22,3,29.42687988,40.76751709,31,64,High
27-May-20,21,3,29.42687988,40.76751709,29,73,High
27-May-20,20,3,29.42687988,40.76751709,28,85,Heavy
27-May-20,19,3,29.42687988,40.76751709,24,56,High
27-May-20,18,3,29.42687988,40.76751709,23,51,High
27-May-20,17,3,29.42687988,40.76751709,29,47,High
27-May-20,16,3,29.42687988,40.76751709,27,50,High
27-May-20,15,3,29.42687988,40.76751709,27,56,High
27-May-20,14,3,29.42687988,40.76751709,25,55,High
27-May-20,13,3,29.42687988,40.76751709,27,41,High
27-May-20,12,3,29.42687988,40.76751709,30,71,High
27-May-20,11,3,29.42687988,40.76751709,30,54,High
27-May-20,10,3,29.42687988,40.76751709,31,46,High
27-May-20,9,3,29.42687988,40.76751709,31,46,High
27-May-20,8,3,29.42687988,40.76751709,34,32,Medium
27-May-20,7,3,29.42687988,40.76751709,32,39,Medium
27-May-20,6,3,29.42687988,40.76751709,34,24,Medium
27-May-20,5,3,29.42687988,40.76751709,39,21,Heavy
27-May-20,4,3,29.42687988,40.76751709,34,32,Medium
27-May-20,3,3,29.42687988,40.76751709,34,57,High
27-May-20,2,3,29.42687988,40.76751709,38,40,Heavy
27-May-20,1,3,29.42687988,40.76751709,34,54,High
27-May-20,0,3,29.42687988,40.76751709,30,40,Medium
26-May-20,23,2,29.42687988,40.76751709,33,28,Medium
26-May-20,21,2,29.42687988,40.76751709,28,44,High
26-May-20,20,2,29.42687988,40.76751709,34,28,Medium
26-May-20,19,2,29.42687988,40.76751709,36,24,Heavy
26-May-20,18,2,29.42687988,40.76751709,34,24,Medium
26-May-20,17,2,29.42687988,40.76751709,33,19,Medium
26-May-20,16,2,29.42687988,40.76751709,36,23,Heavy
26-May-20,15,2,29.42687988,40.76751709,40,24,Heavy
26-May-20,14,2,29.42687988,40.76751709,38,25,Heavy
26-May-20,13,2,29.42687988,40.76751709,42,11,Low
26-May-20,12,2,29.42687988,40.76751709,41,13,Low
26-May-20,3,2,29.42687988,40.76751709,31,11,Heavy
26-May-20,1,2,29.42687988,40.76751709,32,13,Heavy
23-May-20,20,6,29.42687988,40.76751709,36,14,Low
23-May-20,19,6,29.42687988,40.76751709,35,11,Heavy
23-May-20,18,6,29.42687988,40.76751709,40,12,Low
23-May-20,16,6,29.42687988,40.76751709,39,15,Low
23-May-20,15,6,29.42687988,40.76751709,35,26,Medium
23-May-20,14,6,29.42687988,40.76751709,35,15,Heavy
23-May-20,13,6,29.42687988,40.76751709,34,26,Medium
23-May-20,12,6,29.42687988,40.76751709,34,21,Medium
23-May-20,11,6,29.42687988,40.76751709,36,20,Heavy
23-May-20,10,6,29.42687988,40.76751709,35,20,Medium
23-May-20,9,6,29.42687988,40.76751709,32,27,Medium
23-May-20,8,6,29.42687988,40.76751709,35,14,Heavy
23-May-20,7,6,29.42687988,40.76751709,34,20,Medium
23-May-20,5,6,29.42687988,40.76751709,33,14,Heavy
23-May-20,4,6,29.42687988,40.76751709,28,13,Heavy
23-May-20,3,6,29.42687988,40.76751709,33,14,Heavy
23-May-20,2,6,29.42687988,40.76751709,31,13,Heavy
23-May-20,1,6,29.42687988,40.76751709,32,27,Medium
23-May-20,0,6,29.42687988,40.76751709,29,36,Medium
22-May-20,23,5,29.42687988,40.76751709,34,57,High
22-May-20,22,5,29.42687988,40.76751709,38,36,Heavy
22-May-20,21,5,29.42687988,40.76751709,33,42,High
22-May-20,20,5,29.42687988,40.76751709,34,47,High
22-May-20,19,5,29.42687988,40.76751709,37,59,High
22-May-20,17,5,29.42687988,40.76751709,31,76,High
22-May-20,16,5,29.42687988,40.76751709,36,31,Heavy
22-May-20,15,5,29.42687988,40.76751709,36,47,High
22-May-20,13,5,29.42687988,40.76751709,30,66,High
22-May-20,12,5,29.42687988,40.76751709,32,49,High
22-May-20,11,5,29.42687988,40.76751709,32,53,High
22-May-20,10,5,29.42687988,40.76751709,32,45,High
22-May-20,9,5,29.42687988,40.76751709,31,64,High
22-May-20,8,5,29.42687988,40.76751709,30,42,High
22-May-20,7,5,29.42687988,40.76751709,31,37,Medium
22-May-20,6,5,29.42687988,40.76751709,28,46,High
22-May-20,5,5,29.42687988,40.76751709,29,58,High
22-May-20,4,5,29.42687988,40.76751709,31,44,High
22-May-20,3,5,29.42687988,40.76751709,29,40,Medium
22-May-20,2,5,29.42687988,40.76751709,29,49,High
22-May-20,1,5,29.42687988,40.76751709,30,52,High
22-May-20,0,5,29.42687988,40.76751709,26,69,High
21-May-20,23,4,29.42687988,40.76751709,30,74,High
21-May-20,22,4,29.42687988,40.76751709,30,71,High
21-May-20,21,4,29.42687988,40.76751709,24,50,High
21-May-20,20,4,29.42687988,40.76751709,16,82,High
21-May-20,19,4,29.42687988,40.76751709,18,62,High
21-May-20,18,4,29.42687988,40.76751709,20,45,High
21-May-20,17,4,29.42687988,40.76751709,16,56,High
21-May-20,16,4,29.42687988,40.76751709,22,53,High
21-May-20,15,4,29.42687988,40.76751709,29,45,High
21-May-20,14,4,29.42687988,40.76751709,35,52,High
21-May-20,13,4,29.42687988,40.76751709,37,53,High
21-May-20,12,4,29.42687988,40.76751709,34,57,High
21-May-20,11,4,29.42687988,40.76751709,35,49,High
21-May-20,7,4,29.42687988,40.76751709,33,47,High
21-May-20,4,4,29.42687988,40.76751709,29,51,High
21-May-20,3,4,29.42687988,40.76751709,27,62,High
21-May-20,2,4,29.42687988,40.76751709,33,60,High
21-May-20,1,4,29.42687988,40.76751709,30,61,High
21-May-20,0,4,29.42687988,40.76751709,33,53,High
20-May-20,23,3,29.42687988,40.76751709,31,65,High
20-May-20,22,3,29.42687988,40.76751709,29,77,High
20-May-20,21,3,29.42687988,40.76751709,35,51,High
20-May-20,20,3,29.42687988,40.76751709,29,77,High
20-May-20,19,3,29.42687988,40.76751709,28,35,Medium
20-May-20,18,3,29.42687988,40.76751709,31,63,High
20-May-20,17,3,29.42687988,40.76751709,31,52,High
20-May-20,16,3,29.42687988,40.76751709,31,52,High
20-May-20,15,3,29.42687988,40.76751709,31,55,High
20-May-20,14,3,29.42687988,40.76751709,33,54,High
20-May-20,13,3,29.42687988,40.76751709,34,50,High
20-May-20,12,3,29.42687988,40.76751709,33,42,High
20-May-20,11,3,29.42687988,40.76751709,35,37,Medium
20-May-20,10,3,29.42687988,40.76751709,33,41,High
20-May-20,9,3,29.42687988,40.76751709,40,33,Heavy
20-May-20,8,3,29.42687988,40.76751709,37,32,Heavy
20-May-20,7,3,29.42687988,40.76751709,31,35,Medium
20-May-20,6,3,29.42687988,40.76751709,31,39,Medium
20-May-20,5,3,29.42687988,40.76751709,31,41,High
20-May-20,3,3,29.42687988,40.76751709,30,32,Medium
20-May-20,2,3,29.42687988,40.76751709,32,52,High
20-May-20,1,3,29.42687988,40.76751709,30,54,High
20-May-20,0,3,29.42687988,40.76751709,28,46,High
19-May-20,23,2,29.42687988,40.76751709,32,29,Medium
19-May-20,22,2,29.42687988,40.76751709,30,27,Medium
19-May-20,21,2,29.42687988,40.76751709,31,24,Medium
19-May-20,20,2,29.42687988,40.76751709,35,26,Medium
19-May-20,19,2,29.42687988,40.76751709,34,30,Medium
19-May-20,18,2,29.42687988,40.76751709,30,35,Medium
19-May-20,17,2,29.42687988,40.76751709,34,30,Medium
19-May-20,16,2,29.42687988,40.76751709,38,36,Heavy
19-May-20,15,2,29.42687988,40.76751709,37,27,Heavy
19-May-20,14,2,29.42687988,40.76751709,32,22,Medium
19-May-20,13,2,29.42687988,40.76751709,33,42,High
19-May-20,12,2,29.42687988,40.76751709,36,17,Heavy
19-May-20,11,2,29.42687988,40.76751709,30,28,Medium
19-May-20,10,2,29.42687988,40.76751709,35,18,Medium
19-May-20,9,2,29.42687988,40.76751709,36,21,Heavy
19-May-20,8,2,29.42687988,40.76751709,35,25,Medium
19-May-20,7,2,29.42687988,40.76751709,37,14,Low
19-May-20,6,2,29.42687988,40.76751709,34,19,Medium
19-May-20,5,2,29.42687988,40.76751709,32,13,Heavy
19-May-20,3,2,29.42687988,40.76751709,29,12,Heavy
19-May-20,1,2,29.42687988,40.76751709,33,26,Medium
19-May-20,0,2,29.42687988,40.76751709,29,30,Medium
18-May-20,23,1,29.42687988,40.76751709,32,19,Medium
18-May-20,22,1,29.42687988,40.76751709,35,41,High
18-May-20,21,1,29.42687988,40.76751709,33,23,Medium
18-May-20,20,1,29.42687988,40.76751709,35,19,Medium
18-May-20,19,1,29.42687988,40.76751709,35,33,Medium
18-May-20,18,1,29.42687988,40.76751709,33,33,Medium
18-May-20,17,1,29.42687988,40.76751709,36,43,High
18-May-20,16,1,29.42687988,40.76751709,35,41,High
18-May-20,15,1,29.42687988,40.76751709,35,48,High
18-May-20,14,1,29.42687988,40.76751709,38,34,Heavy
18-May-20,13,1,29.42687988,40.76751709,34,33,Medium
18-May-20,12,1,29.42687988,40.76751709,36,43,High
18-May-20,11,1,29.42687988,40.76751709,35,34,Medium
18-May-20,10,1,29.42687988,40.76751709,37,37,Heavy
18-May-20,9,1,29.42687988,40.76751709,34,38,Medium
18-May-20,8,1,29.42687988,40.76751709,37,21,Heavy
18-May-20,7,1,29.42687988,40.76751709,38,22,Heavy
18-May-20,5,1,29.42687988,40.76751709,37,17,Heavy
18-May-20,4,1,29.42687988,40.76751709,32,22,Medium
18-May-20,3,1,29.42687988,40.76751709,27,31,Medium
18-May-20,2,1,29.42687988,40.76751709,31,38,Medium
18-May-20,1,1,29.42687988,40.76751709,33,34,Medium
18-May-20,0,1,29.42687988,40.76751709,31,28,Medium
17-May-20,23,7,29.42687988,40.76751709,30,24,Medium
17-May-20,22,7,29.42687988,40.76751709,36,22,Heavy
17-May-20,21,7,29.42687988,40.76751709,31,16,Medium
17-May-20,20,7,29.42687988,40.76751709,32,11,Heavy
17-May-20,19,7,29.42687988,40.76751709,33,12,Heavy
17-May-20,18,7,29.42687988,40.76751709,36,24,Heavy
17-May-20,17,7,29.42687988,40.76751709,36,18,Heavy
17-May-20,16,7,29.42687988,40.76751709,35,22,Medium
17-May-20,15,7,29.42687988,40.76751709,36,19,Heavy
17-May-20,14,7,29.42687988,40.76751709,34,18,Medium
17-May-20,13,7,29.42687988,40.76751709,35,23,Medium
17-May-20,12,7,29.42687988,40.76751709,37,29,Heavy
17-May-20,10,7,29.42687988,40.76751709,35,15,Heavy
17-May-20,9,7,29.42687988,40.76751709,34,19,Medium
17-May-20,2,7,29.42687988,40.76751709,30,12,Heavy
17-May-20,1,7,29.42687988,40.76751709,37,18,Heavy
17-May-20,0,7,29.42687988,40.76751709,35,20,Medium
16-May-20,23,6,29.42687988,40.76751709,34,19,Medium
16-May-20,22,6,29.42687988,40.76751709,36,17,Heavy
16-May-20,21,6,29.42687988,40.76751709,37,14,Low
16-May-20,19,6,29.42687988,40.76751709,35,17,Medium
16-May-20,18,6,29.42687988,40.76751709,35,30,Medium
16-May-20,17,6,29.42687988,40.76751709,35,46,High
16-May-20,16,6,29.42687988,40.76751709,36,22,Heavy
16-May-20,15,6,29.42687988,40.76751709,34,18,Medium
16-May-20,14,6,29.42687988,40.76751709,34,33,Medium
16-May-20,13,6,29.42687988,40.76751709,36,37,Heavy
16-May-20,12,6,29.42687988,40.76751709,34,25,Medium
16-May-20,11,6,29.42687988,40.76751709,32,35,Medium
16-May-20,10,6,29.42687988,40.76751709,33,19,Medium
16-May-20,9,6,29.42687988,40.76751709,32,21,Medium
16-May-20,8,6,29.42687988,40.76751709,34,16,Medium
16-May-20,7,6,29.42687988,40.76751709,36,19,Heavy
16-May-20,6,6,29.42687988,40.76751709,33,26,Medium
16-May-20,4,6,29.42687988,40.76751709,30,21,Medium
16-May-20,3,6,29.42687988,40.76751709,33,11,Heavy
16-May-20,1,6,29.42687988,40.76751709,33,37,Medium
15-May-20,22,5,29.42687988,40.76751709,30,48,High
15-May-20,21,5,29.42687988,40.76751709,33,54,High
15-May-20,20,5,29.42687988,40.76751709,33,46,High
15-May-20,19,5,29.42687988,40.76751709,34,62,High
15-May-20,18,5,29.42687988,40.76751709,34,65,High
15-May-20,17,5,29.42687988,40.76751709,27,60,High
15-May-20,16,5,29.42687988,40.76751709,32,56,High
15-May-20,15,5,29.42687988,40.76751709,34,51,High
15-May-20,14,5,29.42687988,40.76751709,36,41,High
15-May-20,13,5,29.42687988,40.76751709,33,38,Medium
15-May-20,12,5,29.42687988,40.76751709,35,47,High
15-May-20,11,5,29.42687988,40.76751709,35,56,High
15-May-20,10,5,29.42687988,40.76751709,33,43,High
15-May-20,9,5,29.42687988,40.76751709,38,46,High
15-May-20,8,5,29.42687988,40.76751709,33,49,High
15-May-20,7,5,29.42687988,40.76751709,31,53,High
15-May-20,5,5,29.42687988,40.76751709,32,51,High
15-May-20,4,5,29.42687988,40.76751709,29,40,Medium
15-May-20,3,5,29.42687988,40.76751709,32,48,High
15-May-20,1,5,29.42687988,40.76751709,31,43,High
15-May-20,0,5,29.42687988,40.76751709,32,64,High
14-May-20,23,4,29.42687988,40.76751709,31,55,High
14-May-20,22,4,29.42687988,40.76751709,33,60,High
14-May-20,21,4,29.42687988,40.76751709,31,54,High
14-May-20,19,4,29.42687988,40.76751709,22,64,High
14-May-20,18,4,29.42687988,40.76751709,24,49,High
14-May-20,17,4,29.42687988,40.76751709,22,68,High
14-May-20,16,4,29.42687988,40.76751709,25,45,High
14-May-20,15,4,29.42687988,40.76751709,25,52,High
14-May-20,13,4,29.42687988,40.76751709,33,41,High
14-May-20,12,4,29.42687988,40.76751709,32,55,High
14-May-20,11,4,29.42687988,40.76751709,34,47,High
14-May-20,10,4,29.42687988,40.76751709,34,48,High
14-May-20,9,4,29.42687988,40.76751709,31,41,High
14-May-20,8,4,29.42687988,40.76751709,35,37,Medium
14-May-20,7,4,29.42687988,40.76751709,34,44,High
14-May-20,6,4,29.42687988,40.76751709,35,53,High
14-May-20,5,4,29.42687988,40.76751709,33,41,High
14-May-20,4,4,29.42687988,40.76751709,30,59,High
14-May-20,3,4,29.42687988,40.76751709,31,43,High
14-May-20,2,4,29.42687988,40.76751709,32,60,High
14-May-20,1,4,29.42687988,40.76751709,28,71,High
14-May-20,0,4,29.42687988,40.76751709,30,39,Medium
13-May-20,23,3,29.42687988,40.76751709,29,65,High
13-May-20,22,3,29.42687988,40.76751709,32,52,High
13-May-20,21,3,29.42687988,40.76751709,33,50,High
13-May-20,20,3,29.42687988,40.76751709,33,65,High
13-May-20,19,3,29.42687988,40.76751709,32,74,High
13-May-20,18,3,29.42687988,40.76751709,28,55,High
13-May-20,17,3,29.42687988,40.76751709,21,55,High
13-May-20,16,3,29.42687988,40.76751709,28,55,High
13-May-20,15,3,29.42687988,40.76751709,36,41,High
13-May-20,14,3,29.42687988,40.76751709,31,51,High
13-May-20,13,3,29.42687988,40.76751709,31,45,High
13-May-20,12,3,29.42687988,40.76751709,33,46,High
13-May-20,10,3,29.42687988,40.76751709,36,47,High
13-May-20,9,3,29.42687988,40.76751709,35,36,Medium
13-May-20,8,3,29.42687988,40.76751709,39,35,Heavy
13-May-20,7,3,29.42687988,40.76751709,35,34,Medium
13-May-20,6,3,29.42687988,40.76751709,35,41,High
13-May-20,5,3,29.42687988,40.76751709,33,34,Medium
13-May-20,4,3,29.42687988,40.76751709,29,46,High
13-May-20,3,3,29.42687988,40.76751709,29,61,High
13-May-20,2,3,29.42687988,40.76751709,27,58,High
13-May-20,1,3,29.42687988,40.76751709,31,47,High
13-May-20,0,3,29.42687988,40.76751709,30,58,High
12-May-20,22,2,29.42687988,40.76751709,33,62,High
12-May-20,21,2,29.42687988,40.76751709,34,64,High
12-May-20,20,2,29.42687988,40.76751709,32,49,High
12-May-20,19,2,29.42687988,40.76751709,31,57,High
12-May-20,18,2,29.42687988,40.76751709,28,49,High
12-May-20,17,2,29.42687988,40.76751709,24,60,High
12-May-20,16,2,29.42687988,40.76751709,32,43,High
12-May-20,15,2,29.42687988,40.76751709,35,43,High
12-May-20,14,2,29.42687988,40.76751709,31,44,High
12-May-20,13,2,29.42687988,40.76751709,33,47,High
12-May-20,12,2,29.42687988,40.76751709,37,57,High
12-May-20,11,2,29.42687988,40.76751709,33,43,High
12-May-20,10,2,29.42687988,40.76751709,38,53,High
12-May-20,9,2,29.42687988,40.76751709,33,42,High
12-May-20,8,2,29.42687988,40.76751709,31,35,Medium
12-May-20,7,2,29.42687988,40.76751709,31,53,High
12-May-20,6,2,29.42687988,40.76751709,34,66,High
12-May-20,5,2,29.42687988,40.76751709,33,38,Medium
12-May-20,4,2,29.42687988,40.76751709,34,37,Medium
12-May-20,3,2,29.42687988,40.76751709,31,42,High
12-May-20,1,2,29.42687988,40.76751709,28,61,High
11-May-20,23,1,29.42687988,40.76751709,30,49,High
11-May-20,22,1,29.42687988,40.76751709,33,72,High
11-May-20,21,1,29.42687988,40.76751709,34,49,High
11-May-20,20,1,29.42687988,40.76751709,33,51,High
11-May-20,19,1,29.42687988,40.76751709,30,57,High
11-May-20,17,1,29.42687988,40.76751709,30,56,High
11-May-20,16,1,29.42687988,40.76751709,26,45,High
11-May-20,15,1,29.42687988,40.76751709,26,50,High
11-May-20,14,1,29.42687988,40.76751709,29,46,High
11-May-20,13,1,29.42687988,40.76751709,33,63,High
11-May-20,12,1,29.42687988,40.76751709,37,48,High
11-May-20,11,1,29.42687988,40.76751709,34,42,High
11-May-20,10,1,29.42687988,40.76751709,34,39,Medium
11-May-20,9,1,29.42687988,40.76751709,37,42,High
11-May-20,8,1,29.42687988,40.76751709,33,36,Medium
11-May-20,7,1,29.42687988,40.76751709,33,31,Medium
11-May-20,6,1,29.42687988,40.76751709,37,41,High
11-May-20,5,1,29.42687988,40.76751709,35,35,Medium
11-May-20,4,1,29.42687988,40.76751709,36,36,Heavy
11-May-20,3,1,29.42687988,40.76751709,32,37,Medium
11-May-20,2,1,29.42687988,40.76751709,32,51,High
11-May-20,1,1,29.42687988,40.76751709,30,52,High
11-May-20,0,1,29.42687988,40.76751709,34,45,High
10-May-20,23,7,29.42687988,40.76751709,35,32,Medium
10-May-20,22,7,29.42687988,40.76751709,30,27,Medium
10-May-20,20,7,29.42687988,40.76751709,32,16,Medium
10-May-20,19,7,29.42687988,40.76751709,34,19,Medium
10-May-20,18,7,29.42687988,40.76751709,34,27,Medium
10-May-20,17,7,29.42687988,40.76751709,36,15,Low
10-May-20,16,7,29.42687988,40.76751709,32,24,Medium
10-May-20,14,7,29.42687988,40.76751709,36,16,Heavy
10-May-20,13,7,29.42687988,40.76751709,36,17,Heavy
10-May-20,12,7,29.42687988,40.76751709,35,19,Medium
10-May-20,11,7,29.42687988,40.76751709,37,13,Low
10-May-20,8,7,29.42687988,40.76751709,38,14,Low
10-May-20,0,7,29.42687988,40.76751709,31,20,Medium
09-May-20,22,6,29.42687988,40.76751709,36,13,Low
09-May-20,21,6,29.42687988,40.76751709,33,14,Heavy
09-May-20,20,6,29.42687988,40.76751709,33,16,Medium
09-May-20,18,6,29.42687988,40.76751709,37,23,Heavy
09-May-20,17,6,29.42687988,40.76751709,39,16,Heavy
09-May-20,16,6,29.42687988,40.76751709,38,21,Heavy
09-May-20,15,6,29.42687988,40.76751709,36,22,Heavy
09-May-20,13,6,29.42687988,40.76751709,38,19,Heavy
09-May-20,12,6,29.42687988,40.76751709,35,22,Medium
09-May-20,11,6,29.42687988,40.76751709,37,22,Heavy
09-May-20,10,6,29.42687988,40.76751709,33,26,Medium
09-May-20,9,6,29.42687988,40.76751709,33,20,Medium
09-May-20,8,6,29.42687988,40.76751709,31,19,Medium
09-May-20,7,6,29.42687988,40.76751709,31,20,Medium
09-May-20,6,6,29.42687988,40.76751709,34,26,Medium
09-May-20,5,6,29.42687988,40.76751709,30,20,Medium
09-May-20,4,6,29.42687988,40.76751709,34,13,Heavy
09-May-20,3,6,29.42687988,40.76751709,32,13,Heavy
09-May-20,2,6,29.42687988,40.76751709,32,26,Medium
09-May-20,1,6,29.42687988,40.76751709,32,28,Medium
09-May-20,0,6,29.42687988,40.76751709,34,37,Medium
08-May-20,23,5,29.42687988,40.76751709,35,37,Medium
08-May-20,22,5,29.42687988,40.76751709,36,38,Heavy
08-May-20,21,5,29.42687988,40.76751709,34,46,High
08-May-20,20,5,29.42687988,40.76751709,33,47,High
08-May-20,19,5,29.42687988,40.76751709,36,57,High
08-May-20,18,5,29.42687988,40.76751709,36,50,High
08-May-20,17,5,29.42687988,40.76751709,29,32,Medium
08-May-20,16,5,29.42687988,40.76751709,31,44,High
08-May-20,14,5,29.42687988,40.76751709,36,43,High
08-May-20,13,5,29.42687988,40.76751709,33,40,Medium
08-May-20,12,5,29.42687988,40.76751709,37,56,High
08-May-20,10,5,29.42687988,40.76751709,34,51,High
08-May-20,8,5,29.42687988,40.76751709,34,27,Medium
08-May-20,7,5,29.42687988,40.76751709,28,40,Medium
08-May-20,6,5,29.42687988,40.76751709,31,76,High
08-May-20,5,5,29.42687988,40.76751709,30,29,Medium
08-May-20,4,5,29.42687988,40.76751709,32,32,Medium
08-May-20,2,5,29.42687988,40.76751709,30,60,High
08-May-20,1,5,29.42687988,40.76751709,31,56,High
08-May-20,0,5,29.42687988,40.76751709,32,47,High
07-May-20,23,4,29.42687988,40.76751709,31,61,High
07-May-20,22,4,29.42687988,40.76751709,32,60,High
07-May-20,20,4,29.42687988,40.76751709,32,47,High
07-May-20,19,4,29.42687988,40.76751709,35,52,High
07-May-20,18,4,29.42687988,40.76751709,35,41,High
07-May-20,17,4,29.42687988,40.76751709,33,58,High
07-May-20,16,4,29.42687988,40.76751709,34,38,Medium
07-May-20,15,4,29.42687988,40.76751709,36,45,High
07-May-20,14,4,29.42687988,40.76751709,33,48,High
07-May-20,13,4,29.42687988,40.76751709,33,43,High
07-May-20,11,4,29.42687988,40.76751709,34,38,Medium
07-May-20,10,4,29.42687988,40.76751709,33,34,Medium
07-May-20,9,4,29.42687988,40.76751709,33,35,Medium
07-May-20,7,4,29.42687988,40.76751709,31,41,High
07-May-20,4,4,29.42687988,40.76751709,29,52,High
07-May-20,3,4,29.42687988,40.76751709,28,28,Medium
07-May-20,2,4,29.42687988,40.76751709,28,43,High
07-May-20,1,4,29.42687988,40.76751709,30,44,High
06-May-20,23,3,29.42687988,40.76751709,30,61,High
06-May-20,21,3,29.42687988,40.76751709,31,48,High
06-May-20,20,3,29.42687988,40.76751709,31,70,High
06-May-20,19,3,29.42687988,40.76751709,31,67,High
06-May-20,18,3,29.42687988,40.76751709,27,57,High
06-May-20,17,3,29.42687988,40.76751709,30,52,High
06-May-20,16,3,29.42687988,40.76751709,32,63,High
06-May-20,15,3,29.42687988,40.76751709,30,47,High
06-May-20,14,3,29.42687988,40.76751709,31,51,High
06-May-20,13,3,29.42687988,40.76751709,34,44,High
06-May-20,12,3,29.42687988,40.76751709,35,65,High
06-May-20,11,3,29.42687988,40.76751709,32,46,High
06-May-20,10,3,29.42687988,40.76751709,38,35,Heavy
06-May-20,9,3,29.42687988,40.76751709,34,45,High
06-May-20,8,3,29.42687988,40.76751709,35,31,Medium
06-May-20,7,3,29.42687988,40.76751709,32,34,Medium
06-May-20,6,3,29.42687988,40.76751709,31,47,High
06-May-20,5,3,29.42687988,40.76751709,30,40,Medium
06-May-20,4,3,29.42687988,40.76751709,31,30,Medium
06-May-20,3,3,29.42687988,40.76751709,30,63,High
06-May-20,2,3,29.42687988,40.76751709,30,61,High
06-May-20,1,3,29.42687988,40.76751709,32,57,High
06-May-20,0,3,29.42687988,40.76751709,32,54,High
05-May-20,23,2,29.42687988,40.76751709,33,60,High
05-May-20,22,2,29.42687988,40.76751709,33,60,High
05-May-20,21,2,29.42687988,40.76751709,31,68,High
05-May-20,20,2,29.42687988,40.76751709,35,55,High
05-May-20,19,2,29.42687988,40.76751709,29,58,High
05-May-20,18,2,29.42687988,40.76751709,34,59,High
05-May-20,17,2,29.42687988,40.76751709,30,49,High
05-May-20,16,2,29.42687988,40.76751709,34,56,High
05-May-20,15,2,29.42687988,40.76751709,33,51,High
05-May-20,14,2,29.42687988,40.76751709,33,50,High
05-May-20,13,2,29.42687988,40.76751709,34,48,High
05-May-20,12,2,29.42687988,40.76751709,35,45,High
05-May-20,11,2,29.42687988,40.76751709,37,73,High
05-May-20,10,2,29.42687988,40.76751709,32,53,High
05-May-20,9,2,29.42687988,40.76751709,30,43,High
05-May-20,8,2,29.42687988,40.76751709,32,32,Medium
05-May-20,7,2,29.42687988,40.76751709,34,36,Medium
05-May-20,6,2,29.42687988,40.76751709,34,42,High
05-May-20,5,2,29.42687988,40.76751709,30,51,High
05-May-20,4,2,29.42687988,40.76751709,34,43,High
05-May-20,3,2,29.42687988,40.76751709,29,45,High
05-May-20,1,2,29.42687988,40.76751709,27,54,High
05-May-20,0,2,29.42687988,40.76751709,27,48,High
04-May-20,23,1,29.42687988,40.76751709,25,44,High
04-May-20,22,1,29.42687988,40.76751709,29,55,High
04-May-20,21,1,29.42687988,40.76751709,31,51,High
04-May-20,20,1,29.42687988,40.76751709,33,48,High
04-May-20,18,1,29.42687988,40.76751709,35,38,Medium
04-May-20,17,1,29.42687988,40.76751709,29,52,High
04-May-20,16,1,29.42687988,40.76751709,30,48,High
04-May-20,15,1,29.42687988,40.76751709,30,48,High
04-May-20,14,1,29.42687988,40.76751709,30,47,High
04-May-20,13,1,29.42687988,40.76751709,32,40,Medium
04-May-20,12,1,29.42687988,40.76751709,35,37,Medium
04-May-20,11,1,29.42687988,40.76751709,34,41,High
04-May-20,10,1,29.42687988,40.76751709,34,45,High
04-May-20,9,1,29.42687988,40.76751709,35,33,Medium
04-May-20,8,1,29.42687988,40.76751709,40,32,Heavy
04-May-20,7,1,29.42687988,40.76751709,29,31,Medium
04-May-20,6,1,29.42687988,40.76751709,32,36,Medium
04-May-20,5,1,29.42687988,40.76751709,30,37,Medium
04-May-20,4,1,29.42687988,40.76751709,32,16,Medium
04-May-20,3,1,29.42687988,40.76751709,31,39,Medium
04-May-20,2,1,29.42687988,40.76751709,32,26,Medium
04-May-20,1,1,29.42687988,40.76751709,34,45,High
04-May-20,0,1,29.42687988,40.76751709,31,40,Medium
03-May-20,23,7,29.42687988,40.76751709,27,40,Medium
03-May-20,21,7,29.42687988,40.76751709,29,12,Heavy
03-May-20,20,7,29.42687988,40.76751709,29,28,Medium
03-May-20,19,7,29.42687988,40.76751709,35,16,Medium
03-May-20,18,7,29.42687988,40.76751709,33,14,Heavy
03-May-20,17,7,29.42687988,40.76751709,35,19,Medium
03-May-20,16,7,29.42687988,40.76751709,36,19,Heavy
03-May-20,15,7,29.42687988,40.76751709,36,14,Low
03-May-20,14,7,29.42687988,40.76751709,37,18,Heavy
03-May-20,13,7,29.42687988,40.76751709,33,21,Medium
02-May-20,19,6,29.42687988,40.76751709,34,16,Medium
02-May-20,18,6,29.42687988,40.76751709,33,18,Medium
02-May-20,15,6,29.42687988,40.76751709,34,17,Medium
02-May-20,14,6,29.42687988,40.76751709,42,16,Heavy
02-May-20,13,6,29.42687988,40.76751709,38,15,Low
02-May-20,12,6,29.42687988,40.76751709,34,21,Medium
02-May-20,11,6,29.42687988,40.76751709,35,16,Medium
02-May-20,10,6,29.42687988,40.76751709,32,21,Medium
02-May-20,7,6,29.42687988,40.76751709,33,13,Heavy
02-May-20,6,6,29.42687988,40.76751709,33,15,Heavy
01-May-20,19,5,29.42687988,40.76751709,32,12,Heavy
01-May-20,18,5,29.42687988,40.76751709,32,28,Medium
01-May-20,17,5,29.42687988,40.76751709,37,23,Heavy
01-May-20,16,5,29.42687988,40.76751709,33,23,Medium
01-May-20,15,5,29.42687988,40.76751709,33,23,Medium
01-May-20,14,5,29.42687988,40.76751709,40,23,Heavy
01-May-20,13,5,29.42687988,40.76751709,36,21,Heavy
01-May-20,12,5,29.42687988,40.76751709,36,24,Heavy
01-May-20,11,5,29.42687988,40.76751709,36,22,Heavy
01-May-20,10,5,29.42687988,40.76751709,38,15,Low
01-May-20,9,5,29.42687988,40.76751709,29,15,Heavy
01-May-20,8,5,29.42687988,40.76751709,30,21,Medium
01-May-20,7,5,29.42687988,40.76751709,34,17,Medium
01-May-20,4,5,29.42687988,40.76751709,29,12,Heavy
01-May-20,3,5,29.42687988,40.76751709,34,19,Medium
01-May-20,2,5,29.42687988,40.76751709,32,16,Medium
01-May-20,1,5,29.42687988,40.76751709,30,27,Medium
01-May-20,0,5,29.42687988,40.76751709,30,35,Medium
06-Apr-20,12,1,29.42687988,40.76751709,33,24,Medium
29-Apr-20,2,3,29.42687988,40.76751709,29,36,Medium
24-Apr-20,2,5,29.42687988,40.76751709,26,21,Medium
09-Apr-20,2,4,29.42687988,40.76751709,30,27,Medium
29-Apr-20,3,3,29.42687988,40.76751709,31,38,Medium
12-Apr-20,19,7,29.42687988,40.76751709,29,13,Heavy
01-Apr-20,12,3,29.42687988,40.76751709,33,49,High
15-Apr-20,5,3,29.42687988,40.76751709,29,26,Medium
27-Apr-20,19,1,29.42687988,40.76751709,35,40,Medium
26-Apr-20,12,7,29.42687988,40.76751709,33,17,Medium
15-Apr-20,1,3,29.42687988,40.76751709,30,49,High
01-Apr-20,16,3,29.42687988,40.76751709,23,55,High
25-Apr-20,1,6,29.42687988,40.76751709,36,20,Heavy
10-Apr-20,1,5,29.42687988,40.76751709,33,24,Medium
20-Apr-20,1,1,29.42687988,40.76751709,30,27,Medium
23-Apr-20,22,4,29.42687988,40.76751709,35,17,Medium
13-Apr-20,22,1,29.42687988,40.76751709,35,48,High
08-Apr-20,22,3,29.42687988,40.76751709,31,46,High
16-Apr-20,16,4,29.42687988,40.76751709,36,42,High
19-Apr-20,21,7,29.42687988,40.76751709,30,18,Medium
21-Apr-20,12,2,29.42687988,40.76751709,32,30,Medium
10-Apr-20,5,5,29.42687988,40.76751709,30,28,Medium
14-Apr-20,11,2,29.42687988,40.76751709,35,43,High
15-Apr-20,16,3,29.42687988,40.76751709,34,37,Medium
16-Apr-20,4,4,29.42687988,40.76751709,30,40,Medium
03-Apr-20,22,5,29.42687988,40.76751709,29,57,High
22-Apr-20,15,3,29.42687988,40.76751709,35,29,Medium
28-Apr-20,22,2,29.42687988,40.76751709,31,50,High
20-Apr-20,9,1,29.42687988,40.76751709,35,42,High
27-Apr-20,15,1,29.42687988,40.76751709,32,51,High
04-Apr-20,6,6,29.42687988,40.76751709,33,12,Heavy
01-Apr-20,21,3,29.42687988,40.76751709,33,38,Medium
17-Apr-20,15,5,29.42687988,40.76751709,34,29,Medium
22-Apr-20,0,3,29.42687988,40.76751709,30,48,High
13-Apr-20,18,1,29.42687988,40.76751709,31,44,High
18-Apr-20,18,6,29.42687988,40.76751709,37,12,Low
01-Apr-20,4,3,29.42687988,40.76751709,32,18,Medium
04-Apr-20,21,6,29.42687988,40.76751709,40,22,Heavy
04-Apr-20,2,6,29.42687988,40.76751709,32,29,Medium
07-Apr-20,19,2,29.42687988,40.76751709,32,47,High
30-Apr-20,5,4,29.42687988,40.76751709,33,33,Medium
07-Apr-20,0,2,29.42687988,40.76751709,32,45,High
03-Apr-20,7,5,29.42687988,40.76751709,28,32,Medium
17-Apr-20,3,5,29.42687988,40.76751709,29,49,High
03-Apr-20,18,5,29.42687988,40.76751709,35,30,Medium
03-Apr-20,3,5,29.42687988,40.76751709,28,24,Medium
22-Apr-20,19,3,29.42687988,40.76751709,36,55,High
23-Apr-20,7,4,29.42687988,40.76751709,34,29,Medium
02-Apr-20,8,4,29.42687988,40.76751709,33,39,Medium
02-Apr-20,7,4,29.42687988,40.76751709,30,32,Medium
05-Apr-20,17,7,29.42687988,40.76751709,36,16,Heavy
23-Apr-20,18,4,29.42687988,40.76751709,35,18,Medium
28-Apr-20,18,2,29.42687988,40.76751709,30,40,Medium
08-Apr-20,18,3,29.42687988,40.76751709,32,49,High
17-Apr-20,19,5,29.42687988,40.76751709,37,50,High
11-Apr-20,1,6,29.42687988,40.76751709,34,15,Heavy
14-Apr-20,21,2,29.42687988,40.76751709,34,59,High
26-Apr-20,11,7,29.42687988,40.76751709,35,15,Heavy
29-Apr-20,9,3,29.42687988,40.76751709,33,37,Medium
04-Apr-20,17,6,29.42687988,40.76751709,34,28,Medium
18-Apr-20,19,6,29.42687988,40.76751709,38,18,Heavy
08-Apr-20,0,3,29.42687988,40.76751709,29,40,Medium
07-Apr-20,3,2,29.42687988,40.76751709,29,34,Medium
08-Apr-20,3,3,29.42687988,40.76751709,29,31,Medium
27-Apr-20,3,1,29.42687988,40.76751709,25,30,Medium
06-Apr-20,0,1,29.42687988,40.76751709,30,25,Medium
13-Apr-20,10,1,29.42687988,40.76751709,41,21,Heavy
19-Apr-20,18,7,29.42687988,40.76751709,35,15,Heavy
18-Apr-20,3,6,29.42687988,40.76751709,31,22,Medium
03-Apr-20,10,5,29.42687988,40.76751709,34,28,Medium
05-Apr-20,20,7,29.42687988,40.76751709,32,43,High
20-Apr-20,6,1,29.42687988,40.76751709,35,24,Medium
02-Apr-20,18,4,29.42687988,40.76751709,34,36,Medium
13-Apr-20,14,1,29.42687988,40.76751709,34,27,Medium
12-Apr-20,15,7,29.42687988,40.76751709,37,11,Low
07-Apr-20,15,2,29.42687988,40.76751709,33,27,Medium
15-Apr-20,9,3,29.42687988,40.76751709,33,51,High
19-Apr-20,14,7,29.42687988,40.76751709,33,15,Heavy
10-Apr-20,21,5,29.42687988,40.76751709,31,41,High
16-Apr-20,13,4,29.42687988,40.76751709,34,38,Medium
23-Apr-20,21,4,29.42687988,40.76751709,32,13,Heavy
18-Apr-20,21,6,29.42687988,40.76751709,36,11,Low
03-Apr-20,23,5,29.42687988,40.76751709,32,35,Medium
16-Apr-20,0,4,29.42687988,40.76751709,30,30,Medium
04-Apr-20,14,6,29.42687988,40.76751709,36,31,Heavy
24-Apr-20,13,5,29.42687988,40.76751709,37,17,Heavy
14-Apr-20,14,2,29.42687988,40.76751709,34,51,High
20-Apr-20,5,1,29.42687988,40.76751709,33,18,Medium
05-Apr-20,14,7,29.42687988,40.76751709,39,11,Low
01-Apr-20,17,3,29.42687988,40.76751709,31,63,High
20-Apr-20,12,1,29.42687988,40.76751709,36,58,High
21-Apr-20,15,2,29.42687988,40.76751709,26,17,Medium
02-Apr-20,4,4,29.42687988,40.76751709,31,26,Medium
15-Apr-20,20,3,29.42687988,40.76751709,30,63,High
18-Apr-20,0,6,29.42687988,40.76751709,33,20,Medium
16-Apr-20,7,4,29.42687988,40.76751709,35,29,Medium
25-Apr-20,15,6,29.42687988,40.76751709,38,18,Heavy
18-Apr-20,13,6,29.42687988,40.76751709,35,24,Medium
08-Apr-20,2,3,29.42687988,40.76751709,26,32,Medium
09-Apr-20,9,4,29.42687988,40.76751709,34,22,Medium
23-Apr-20,11,4,29.42687988,40.76751709,38,19,Heavy
26-Apr-20,20,7,29.42687988,40.76751709,30,13,Heavy
24-Apr-20,14,5,29.42687988,40.76751709,37,16,Heavy
09-Apr-20,22,4,29.42687988,40.76751709,32,64,High
03-Apr-20,11,5,29.42687988,40.76751709,36,29,Heavy
18-Apr-20,2,6,29.42687988,40.76751709,35,22,Medium
22-Apr-20,11,3,29.42687988,40.76751709,31,38,Medium
27-Apr-20,22,1,29.42687988,40.76751709,33,47,High
11-Apr-20,19,6,29.42687988,40.76751709,34,14,Heavy
23-Apr-20,8,4,29.42687988,40.76751709,29,25,Medium
15-Apr-20,4,3,29.42687988,40.76751709,31,38,Medium
14-Apr-20,16,2,29.42687988,40.76751709,36,53,High
09-Apr-20,13,4,29.42687988,40.76751709,35,38,Medium
13-Apr-20,11,1,29.42687988,40.76751709,34,41,High
08-Apr-20,6,3,29.42687988,40.76751709,35,34,Medium
14-Apr-20,13,2,29.42687988,40.76751709,32,53,High
04-Apr-20,10,6,29.42687988,40.76751709,33,17,Medium
29-Apr-20,1,3,29.42687988,40.76751709,29,53,High
06-Apr-20,20,1,29.42687988,40.76751709,31,66,High
16-Apr-20,2,4,29.42687988,40.76751709,30,25,Medium
25-Apr-20,22,6,29.42687988,40.76751709,34,16,Medium
30-Apr-20,4,4,29.42687988,40.76751709,31,23,Medium
02-Apr-20,6,4,29.42687988,40.76751709,33,26,Medium
14-Apr-20,10,2,29.42687988,40.76751709,34,43,High
07-Apr-20,23,2,29.42687988,40.76751709,31,37,Medium
03-Apr-20,14,5,29.42687988,40.76751709,38,43,High
21-Apr-20,1,2,29.42687988,40.76751709,32,36,Medium
24-Apr-20,10,5,29.42687988,40.76751709,35,20,Medium
08-Apr-20,7,3,29.42687988,40.76751709,34,33,Medium
25-Apr-20,20,6,29.42687988,40.76751709,35,12,Heavy
22-Apr-20,8,3,29.42687988,40.76751709,31,46,High
12-Apr-20,23,7,29.42687988,40.76751709,32,17,Medium
19-Apr-20,22,7,29.42687988,40.76751709,32,27,Medium
03-Apr-20,15,5,29.42687988,40.76751709,32,51,High
11-Apr-20,20,6,29.42687988,40.76751709,30,13,Heavy
30-Apr-20,10,4,29.42687988,40.76751709,38,36,Heavy
14-Apr-20,22,2,29.42687988,40.76751709,32,53,High
29-Apr-20,7,3,29.42687988,40.76751709,32,41,High
20-Apr-20,13,1,29.42687988,40.76751709,33,40,Medium
09-Apr-20,7,4,29.42687988,40.76751709,33,37,Medium
20-Apr-20,0,1,29.42687988,40.76751709,31,32,Medium
21-Apr-20,3,2,29.42687988,40.76751709,29,34,Medium
17-Apr-20,23,5,29.42687988,40.76751709,33,36,Medium
17-Apr-20,18,5,29.42687988,40.76751709,34,39,Medium
28-Apr-20,23,2,29.42687988,40.76751709,32,49,High
11-Apr-20,13,6,29.42687988,40.76751709,35,18,Medium
22-Apr-20,18,3,29.42687988,40.76751709,35,35,Medium
01-Apr-20,11,3,29.42687988,40.76751709,37,36,Heavy
07-Apr-20,16,2,29.42687988,40.76751709,36,44,High
19-Apr-20,17,7,29.42687988,40.76751709,34,17,Medium
24-Apr-20,12,5,29.42687988,40.76751709,40,15,Low
09-Apr-20,5,4,29.42687988,40.76751709,32,24,Medium
16-Apr-20,23,4,29.42687988,40.76751709,31,56,High
21-Apr-20,8,2,29.42687988,40.76751709,31,26,Medium
01-Apr-20,8,3,29.42687988,40.76751709,29,25,Medium
27-Apr-20,23,1,29.42687988,40.76751709,34,43,High
29-Apr-20,5,3,29.42687988,40.76751709,31,31,Medium
06-Apr-20,16,1,29.42687988,40.76751709,37,38,Heavy
30-Apr-20,1,4,29.42687988,40.76751709,30,59,High
27-Apr-20,17,1,29.42687988,40.76751709,33,52,High
27-Apr-20,14,1,29.42687988,40.76751709,32,43,High
16-Apr-20,9,4,29.42687988,40.76751709,34,36,Medium
25-Apr-20,8,6,29.42687988,40.76751709,37,18,Heavy
02-Apr-20,20,4,29.42687988,40.76751709,26,33,Medium
23-Apr-20,23,4,29.42687988,40.76751709,28,19,Medium
21-Apr-20,11,2,29.42687988,40.76751709,35,41,High
22-Apr-20,20,3,29.42687988,40.76751709,32,53,High
02-Apr-20,23,4,29.42687988,40.76751709,28,37,Medium
17-Apr-20,16,5,29.42687988,40.76751709,36,44,High
24-Apr-20,17,5,29.42687988,40.76751709,36,21,Heavy
29-Apr-20,13,3,29.42687988,40.76751709,38,39,Heavy
09-Apr-20,1,4,29.42687988,40.76751709,30,47,High
15-Apr-20,6,3,29.42687988,40.76751709,33,32,Medium
13-Apr-20,0,1,29.42687988,40.76751709,32,22,Medium
01-Apr-20,1,3,29.42687988,40.76751709,30,41,High
17-Apr-20,10,5,29.42687988,40.76751709,36,35,Heavy
21-Apr-20,10,2,29.42687988,40.76751709,30,28,Medium
11-Apr-20,11,6,29.42687988,40.76751709,34,16,Medium
06-Apr-20,2,1,29.42687988,40.76751709,30,31,Medium
21-Apr-20,22,2,29.42687988,40.76751709,33,53,High
04-Apr-20,8,6,29.42687988,40.76751709,32,27,Medium
22-Apr-20,5,3,29.42687988,40.76751709,32,46,High
24-Apr-20,23,5,29.42687988,40.76751709,34,13,Heavy
26-Apr-20,22,7,29.42687988,40.76751709,34,31,Medium
21-Apr-20,9,2,29.42687988,40.76751709,31,33,Medium
14-Apr-20,3,2,29.42687988,40.76751709,33,28,Medium
20-Apr-20,14,1,29.42687988,40.76751709,34,42,High
15-Apr-20,12,3,29.42687988,40.76751709,36,37,Heavy
01-Apr-20,22,3,29.42687988,40.76751709,31,57,High
10-Apr-20,11,5,29.42687988,40.76751709,34,50,High
11-Apr-20,2,6,29.42687988,40.76751709,29,21,Medium
02-Apr-20,5,4,29.42687988,40.76751709,32,21,Medium
01-Apr-20,2,3,29.42687988,40.76751709,31,40,Medium
01-Apr-20,9,3,29.42687988,40.76751709,32,29,Medium
28-Apr-20,2,2,29.42687988,40.76751709,30,46,High
05-Apr-20,8,7,29.42687988,40.76751709,30,12,Heavy
03-Apr-20,21,5,29.42687988,40.76751709,33,42,High
22-Apr-20,12,3,29.42687988,40.76751709,35,45,High
15-Apr-20,19,3,29.42687988,40.76751709,28,57,High
25-Apr-20,0,6,29.42687988,40.76751709,30,16,Medium
27-Apr-20,16,1,29.42687988,40.76751709,33,43,High
20-Apr-20,19,1,29.42687988,40.76751709,35,57,High
27-Apr-20,0,1,29.42687988,40.76751709,31,38,Medium
18-Apr-20,9,6,29.42687988,40.76751709,36,15,Low
09-Apr-20,16,4,29.42687988,40.76751709,29,34,Medium
06-Apr-20,10,1,29.42687988,40.76751709,35,23,Medium
28-Apr-20,9,2,29.42687988,40.76751709,34,32,Medium
19-Apr-20,16,7,29.42687988,40.76751709,34,20,Medium
21-Apr-20,2,2,29.42687988,40.76751709,31,43,High
12-Apr-20,22,7,29.42687988,40.76751709,30,26,Medium
21-Apr-20,17,2,29.42687988,40.76751709,23,50,High
30-Apr-20,16,4,29.42687988,40.76751709,35,57,High
19-Apr-20,15,7,29.42687988,40.76751709,33,15,Heavy
07-Apr-20,2,2,29.42687988,40.76751709,31,36,Medium
03-Apr-20,17,5,29.42687988,40.76751709,30,47,High
29-Apr-20,19,3,29.42687988,40.76751709,34,55,High
07-Apr-20,14,2,29.42687988,40.76751709,26,49,High
08-Apr-20,1,3,29.42687988,40.76751709,30,43,High
14-Apr-20,9,2,29.42687988,40.76751709,38,30,Heavy
05-Apr-20,22,7,29.42687988,40.76751709,28,28,Medium
24-Apr-20,11,5,29.42687988,40.76751709,37,30,Heavy
28-Apr-20,16,2,29.42687988,40.76751709,34,55,High
01-Apr-20,18,3,29.42687988,40.76751709,34,57,High
07-Apr-20,22,2,29.42687988,40.76751709,32,66,High
17-Apr-20,4,5,29.42687988,40.76751709,28,49,High
06-Apr-20,13,1,29.42687988,40.76751709,34,39,Medium
06-Apr-20,6,1,29.42687988,40.76751709,29,13,Heavy
05-Apr-20,10,7,29.42687988,40.76751709,39,11,Low
07-Apr-20,9,2,29.42687988,40.76751709,33,28,Medium
05-Apr-20,0,7,29.42687988,40.76751709,30,12,Heavy
26-Apr-20,19,7,29.42687988,40.76751709,34,15,Heavy
10-Apr-20,16,5,29.42687988,40.76751709,33,51,High
26-Apr-20,17,7,29.42687988,40.76751709,36,13,Low
18-Apr-20,8,6,29.42687988,40.76751709,36,15,Low
06-Apr-20,19,1,29.42687988,40.76751709,34,60,High
17-Apr-20,12,5,29.42687988,40.76751709,37,28,Heavy
03-Apr-20,16,5,29.42687988,40.76751709,32,39,Medium
23-Apr-20,16,4,29.42687988,40.76751709,34,29,Medium
21-Apr-20,16,2,29.42687988,40.76751709,33,38,Medium
24-Apr-20,3,5,29.42687988,40.76751709,30,19,Medium
16-Apr-20,11,4,29.42687988,40.76751709,34,36,Medium
21-Apr-20,18,2,29.42687988,40.76751709,24,55,High
07-Apr-20,12,2,29.42687988,40.76751709,29,41,High
22-Apr-20,4,3,29.42687988,40.76751709,28,26,Medium
13-Apr-20,12,1,29.42687988,40.76751709,36,36,Heavy
08-Apr-20,10,3,29.42687988,40.76751709,34,23,Medium
03-Apr-20,9,5,29.42687988,40.76751709,31,21,Medium
10-Apr-20,4,5,29.42687988,40.76751709,29,35,Medium
05-Apr-20,21,7,29.42687988,40.76751709,28,25,Medium
16-Apr-20,8,4,29.42687988,40.76751709,35,31,Medium
13-Apr-20,6,1,29.42687988,40.76751709,37,30,Heavy
28-Apr-20,20,2,29.42687988,40.76751709,33,43,High
23-Apr-20,9,4,29.42687988,40.76751709,32,13,Heavy
15-Apr-20,2,3,29.42687988,40.76751709,31,47,High
20-Apr-20,16,1,29.42687988,40.76751709,34,59,High
28-Apr-20,13,2,29.42687988,40.76751709,36,38,Heavy
05-Apr-20,12,7,29.42687988,40.76751709,33,12,Heavy
16-Apr-20,21,4,29.42687988,40.76751709,32,53,High
09-Apr-20,14,4,29.42687988,40.76751709,32,36,Medium
06-Apr-20,4,1,29.42687988,40.76751709,31,12,Heavy
07-Apr-20,7,2,29.42687988,40.76751709,32,31,Medium
03-Apr-20,2,5,29.42687988,40.76751709,29,30,Medium
07-Apr-20,8,2,29.42687988,40.76751709,33,30,Medium
29-Apr-20,14,3,29.42687988,40.76751709,33,37,Medium
08-Apr-20,11,3,29.42687988,40.76751709,34,42,High
23-Apr-20,2,4,29.42687988,40.76751709,31,26,Medium
17-Apr-20,11,5,29.42687988,40.76751709,33,34,Medium
23-Apr-20,0,4,29.42687988,40.76751709,31,35,Medium
02-Apr-20,10,4,29.42687988,40.76751709,32,39,Medium
16-Apr-20,17,4,29.42687988,40.76751709,33,41,High
06-Apr-20,14,1,29.42687988,40.76751709,34,27,Medium
27-Apr-20,7,1,29.42687988,40.76751709,36,32,Heavy
10-Apr-20,17,5,29.42687988,40.76751709,32,43,High
11-Apr-20,17,6,29.42687988,40.76751709,32,11,Heavy
04-Apr-20,15,6,29.42687988,40.76751709,36,30,Heavy
22-Apr-20,3,3,29.42687988,40.76751709,30,34,Medium
02-Apr-20,22,4,29.42687988,40.76751709,35,49,High
18-Apr-20,10,6,29.42687988,40.76751709,33,12,Heavy
06-Apr-20,7,1,29.42687988,40.76751709,37,23,Heavy
08-Apr-20,8,3,29.42687988,40.76751709,31,36,Medium
25-Apr-20,18,6,29.42687988,40.76751709,39,28,Heavy
17-Apr-20,8,5,29.42687988,40.76751709,37,46,High
14-Apr-20,18,2,29.42687988,40.76751709,32,30,Medium
10-Apr-20,9,5,29.42687988,40.76751709,35,32,Medium
29-Apr-20,20,3,29.42687988,40.76751709,34,60,High
27-Apr-20,8,1,29.42687988,40.76751709,35,24,Medium
30-Apr-20,7,4,29.42687988,40.76751709,32,46,High
29-Apr-20,22,3,29.42687988,40.76751709,34,53,High
04-Apr-20,9,6,29.42687988,40.76751709,38,28,Heavy
02-Apr-20,15,4,29.42687988,40.76751709,33,40,Medium
29-Apr-20,0,3,29.42687988,40.76751709,30,56,High
20-Apr-20,20,1,29.42687988,40.76751709,31,67,High
04-Apr-20,12,6,29.42687988,40.76751709,33,32,Medium
21-Apr-20,23,2,29.42687988,40.76751709,33,39,Medium
10-Apr-20,10,5,29.42687988,40.76751709,34,38,Medium
13-Apr-20,19,1,29.42687988,40.76751709,30,45,High
16-Apr-20,1,4,29.42687988,40.76751709,28,26,Medium
30-Apr-20,3,4,29.42687988,40.76751709,30,40,Medium
03-Apr-20,19,5,29.42687988,40.76751709,35,61,High
24-Apr-20,18,5,29.42687988,40.76751709,38,18,Heavy
21-Apr-20,6,2,29.42687988,40.76751709,30,29,Medium
01-Apr-20,3,3,29.42687988,40.76751709,30,36,Medium
01-Apr-20,23,3,29.42687988,40.76751709,32,44,High
10-Apr-20,20,5,29.42687988,40.76751709,35,50,High
11-Apr-20,23,6,29.42687988,40.76751709,31,11,Heavy
16-Apr-20,18,4,29.42687988,40.76751709,32,48,High
18-Apr-20,14,6,29.42687988,40.76751709,34,17,Medium
17-Apr-20,17,5,29.42687988,40.76751709,33,54,High
02-Apr-20,17,4,29.42687988,40.76751709,31,51,High
16-Apr-20,14,4,29.42687988,40.76751709,33,43,High
11-Apr-20,10,6,29.42687988,40.76751709,35,15,Heavy
29-Apr-20,23,3,29.42687988,40.76751709,32,44,High
16-Apr-20,10,4,29.42687988,40.76751709,36,47,High
09-Apr-20,4,4,29.42687988,40.76751709,29,24,Medium
14-Apr-20,4,2,29.42687988,40.76751709,30,19,Medium
29-Apr-20,4,3,29.42687988,40.76751709,33,31,Medium
20-Apr-20,21,1,29.42687988,40.76751709,31,52,High
14-Apr-20,8,2,29.42687988,40.76751709,32,30,Medium
26-Apr-20,18,7,29.42687988,40.76751709,34,12,Heavy
02-Apr-20,13,4,29.42687988,40.76751709,34,42,High
30-Apr-20,11,4,29.42687988,40.76751709,32,49,High
13-Apr-20,1,1,29.42687988,40.76751709,31,28,Medium
09-Apr-20,8,4,29.42687988,40.76751709,31,32,Medium
14-Apr-20,23,2,29.42687988,40.76751709,33,36,Medium
28-Apr-20,1,2,29.42687988,40.76751709,32,35,Medium
29-Apr-20,8,3,29.42687988,40.76751709,34,36,Medium
18-Apr-20,1,6,29.42687988,40.76751709,31,25,Medium
24-Apr-20,0,5,29.42687988,40.76751709,31,28,Medium
01-Apr-20,14,3,29.42687988,40.76751709,35,44,High
05-Apr-20,15,7,29.42687988,40.76751709,33,26,Medium
09-Apr-20,0,4,29.42687988,40.76751709,29,35,Medium
10-Apr-20,6,5,29.42687988,40.76751709,30,31,Medium
07-Apr-20,5,2,29.42687988,40.76751709,25,32,Medium
15-Apr-20,11,3,29.42687988,40.76751709,37,51,High
14-Apr-20,2,2,29.42687988,40.76751709,30,48,High
01-Apr-20,10,3,29.42687988,40.76751709,39,31,Heavy
21-Apr-20,19,2,29.42687988,40.76751709,28,58,High
26-Apr-20,14,7,29.42687988,40.76751709,32,19,Medium
27-Apr-20,13,1,29.42687988,40.76751709,38,39,Heavy
07-Apr-20,13,2,29.42687988,40.76751709,32,30,Medium
28-Apr-20,12,2,29.42687988,40.76751709,33,57,High
17-Apr-20,6,5,29.42687988,40.76751709,30,26,Medium
09-Apr-20,15,4,29.42687988,40.76751709,29,42,High
28-Apr-20,14,2,29.42687988,40.76751709,32,48,High
13-Apr-20,13,1,29.42687988,40.76751709,39,37,Heavy
07-Apr-20,6,2,29.42687988,40.76751709,34,31,Medium
09-Apr-20,23,4,29.42687988,40.76751709,30,37,Medium
23-Apr-20,1,4,29.42687988,40.76751709,29,30,Medium
10-Apr-20,19,5,29.42687988,40.76751709,34,52,High
17-Apr-20,5,5,29.42687988,40.76751709,32,24,Medium
20-Apr-20,18,1,29.42687988,40.76751709,33,44,High
22-Apr-20,1,3,29.42687988,40.76751709,30,52,High
28-Apr-20,5,2,29.42687988,40.76751709,33,33,Medium
30-Apr-20,18,4,29.42687988,40.76751709,37,36,Heavy
21-Apr-20,4,2,29.42687988,40.76751709,30,40,Medium
13-Apr-20,20,1,29.42687988,40.76751709,31,74,High
08-Apr-20,20,3,29.42687988,40.76751709,33,46,High
03-Apr-20,4,5,29.42687988,40.76751709,31,21,Medium
30-Apr-20,19,4,29.42687988,40.76751709,34,42,High
02-Apr-20,1,4,29.42687988,40.76751709,32,45,High
14-Apr-20,7,2,29.42687988,40.76751709,31,30,Medium
21-Apr-20,21,2,29.42687988,40.76751709,30,74,High
14-Apr-20,20,2,29.42687988,40.76751709,31,62,High
04-Apr-20,20,6,29.42687988,40.76751709,39,16,Heavy
18-Apr-20,12,6,29.42687988,40.76751709,34,27,Medium
03-Apr-20,20,5,29.42687988,40.76751709,36,54,High
27-Apr-20,5,1,29.42687988,40.76751709,31,30,Medium
10-Apr-20,18,5,29.42687988,40.76751709,37,38,Heavy
11-Apr-20,4,6,29.42687988,40.76751709,27,13,Heavy
16-Apr-20,6,4,29.42687988,40.76751709,37,22,Heavy
22-Apr-20,21,3,29.42687988,40.76751709,33,57,High
17-Apr-20,9,5,29.42687988,40.76751709,34,36,Medium
25-Apr-20,10,6,29.42687988,40.76751709,37,23,Heavy
27-Apr-20,9,1,29.42687988,40.76751709,34,35,Medium
17-Apr-20,20,5,29.42687988,40.76751709,35,49,High
18-Apr-20,16,6,29.42687988,40.76751709,36,16,Heavy
30-Apr-20,9,4,29.42687988,40.76751709,32,49,High
23-Apr-20,13,4,29.42687988,40.76751709,38,23,Heavy
11-Apr-20,18,6,29.42687988,40.76751709,34,14,Heavy
13-Apr-20,23,1,29.42687988,40.76751709,32,57,High
24-Apr-20,20,5,29.42687988,40.76751709,36,12,Low
04-Apr-20,7,6,29.42687988,40.76751709,33,26,Medium
21-Apr-20,13,2,29.42687988,40.76751709,31,24,Medium
19-Apr-20,12,7,29.42687988,40.76751709,31,15,Heavy
15-Apr-20,3,3,29.42687988,40.76751709,30,26,Medium
06-Apr-20,17,1,29.42687988,40.76751709,32,42,High
22-Apr-20,6,3,29.42687988,40.76751709,32,37,Medium
17-Apr-20,14,5,29.42687988,40.76751709,36,36,Heavy
10-Apr-20,8,5,29.42687988,40.76751709,36,35,Heavy
08-Apr-20,21,3,29.42687988,40.76751709,33,53,High
02-Apr-20,21,4,29.42687988,40.76751709,32,47,High
27-Apr-20,6,1,29.42687988,40.76751709,37,36,Heavy
24-Apr-20,7,5,29.42687988,40.76751709,31,22,Medium
19-Apr-20,1,7,29.42687988,40.76751709,35,13,Heavy
28-Apr-20,15,2,29.42687988,40.76751709,33,41,High
24-Apr-20,1,5,29.42687988,40.76751709,31,25,Medium
20-Apr-20,15,1,29.42687988,40.76751709,37,34,Heavy
06-Apr-20,11,1,29.42687988,40.76751709,32,44,High
21-Apr-20,5,2,29.42687988,40.76751709,32,31,Medium
01-Apr-20,5,3,29.42687988,40.76751709,31,25,Medium
22-Apr-20,10,3,29.42687988,40.76751709,32,44,High
09-Apr-20,11,4,29.42687988,40.76751709,33,37,Medium
07-Apr-20,18,2,29.42687988,40.76751709,33,39,Medium
10-Apr-20,15,5,29.42687988,40.76751709,37,34,Heavy
04-Apr-20,1,6,29.42687988,40.76751709,30,28,Medium
13-Apr-20,16,1,29.42687988,40.76751709,36,39,Heavy
06-Apr-20,9,1,29.42687988,40.76751709,31,25,Medium
17-Apr-20,22,5,29.42687988,40.76751709,34,28,Medium
11-Apr-20,9,6,29.42687988,40.76751709,38,18,Heavy
01-Apr-20,19,3,29.42687988,40.76751709,33,61,High
30-Apr-20,6,4,29.42687988,40.76751709,35,52,High
29-Apr-20,11,3,29.42687988,40.76751709,37,48,High
03-Apr-20,13,5,29.42687988,40.76751709,35,32,Medium
22-Apr-20,22,3,29.42687988,40.76751709,37,50,High
17-Apr-20,0,5,29.42687988,40.76751709,30,53,High
30-Apr-20,8,4,29.42687988,40.76751709,32,25,Medium
13-Apr-20,21,1,29.42687988,40.76751709,30,45,High
28-Apr-20,21,2,29.42687988,40.76751709,31,49,High
02-Apr-20,14,4,29.42687988,40.76751709,33,42,High
28-Apr-20,8,2,29.42687988,40.76751709,36,40,Heavy
29-Apr-20,21,3,29.42687988,40.76751709,32,57,High
29-Apr-20,18,3,29.42687988,40.76751709,32,41,High
21-Apr-20,7,2,29.42687988,40.76751709,31,30,Medium
07-Apr-20,4,2,29.42687988,40.76751709,31,23,Medium
24-Apr-20,15,5,29.42687988,40.76751709,37,21,Heavy
13-Apr-20,8,1,29.42687988,40.76751709,34,14,Heavy
20-Apr-20,17,1,29.42687988,40.76751709,33,48,High
14-Apr-20,0,2,29.42687988,40.76751709,30,38,Medium
09-Apr-20,3,4,29.42687988,40.76751709,29,23,Medium
04-Apr-20,3,6,29.42687988,40.76751709,30,29,Medium
16-Apr-20,5,4,29.42687988,40.76751709,31,37,Medium
17-Apr-20,7,5,29.42687988,40.76751709,32,31,Medium
27-Apr-20,4,1,29.42687988,40.76751709,30,18,Medium
10-Apr-20,3,5,29.42687988,40.76751709,32,30,Medium
15-Apr-20,21,3,29.42687988,40.76751709,29,67,High
17-Apr-20,1,5,29.42687988,40.76751709,30,48,High
04-Apr-20,11,6,29.42687988,40.76751709,35,18,Medium
01-Apr-20,0,3,29.42687988,40.76751709,28,65,High
14-Apr-20,19,2,29.42687988,40.76751709,32,56,High
18-Apr-20,17,6,29.42687988,40.76751709,40,23,Heavy
13-Apr-20,15,1,29.42687988,40.76751709,32,37,Medium
06-Apr-20,22,1,29.42687988,40.76751709,34,57,High
27-Apr-20,21,1,29.42687988,40.76751709,31,50,High
02-Apr-20,0,4,29.42687988,40.76751709,28,50,High
10-Apr-20,0,5,29.42687988,40.76751709,28,54,High
24-Apr-20,6,5,29.42687988,40.76751709,33,15,Heavy
03-Apr-20,5,5,29.42687988,40.76751709,29,23,Medium
23-Apr-20,12,4,29.42687988,40.76751709,36,26,Heavy
18-Apr-20,11,6,29.42687988,40.76751709,37,22,Heavy
06-Apr-20,21,1,29.42687988,40.76751709,31,46,High
24-Apr-20,9,5,29.42687988,40.76751709,37,16,Heavy
29-Apr-20,6,3,29.42687988,40.76751709,33,44,High
01-Apr-20,7,3,29.42687988,40.76751709,34,28,Medium
08-Apr-20,13,3,29.42687988,40.76751709,33,36,Medium
20-Apr-20,4,1,29.42687988,40.76751709,31,31,Medium
28-Apr-20,7,2,29.42687988,40.76751709,31,57,High
26-Apr-20,21,7,29.42687988,40.76751709,28,17,Medium
24-Apr-20,22,5,29.42687988,40.76751709,33,22,Medium
14-Apr-20,12,2,29.42687988,40.76751709,29,33,Medium
24-Apr-20,8,5,29.42687988,40.76751709,35,23,Medium
01-Apr-20,20,3,29.42687988,40.76751709,31,68,High
01-Apr-20,6,3,29.42687988,40.76751709,34,29,Medium
05-Apr-20,19,7,29.42687988,40.76751709,35,24,Medium
23-Apr-20,6,4,29.42687988,40.76751709,36,14,Low
13-Apr-20,9,1,29.42687988,40.76751709,36,22,Heavy
02-Apr-20,3,4,29.42687988,40.76751709,30,26,Medium
30-Apr-20,13,4,29.42687988,40.76751709,37,60,High
14-Apr-20,5,2,29.42687988,40.76751709,32,17,Medium
06-Apr-20,1,1,29.42687988,40.76751709,30,31,Medium
21-Apr-20,20,2,29.42687988,40.76751709,31,60,High
22-Apr-20,16,3,29.42687988,40.76751709,34,35,Medium
20-Apr-20,10,1,29.42687988,40.76751709,35,36,Medium
08-Apr-20,14,3,29.42687988,40.76751709,32,51,High
29-Apr-20,17,3,29.42687988,40.76751709,33,24,Medium
23-Apr-20,19,4,29.42687988,40.76751709,40,15,Low
14-Apr-20,6,2,29.42687988,40.76751709,31,34,Medium
19-Apr-20,20,7,29.42687988,40.76751709,32,21,Medium
04-Apr-20,22,6,29.42687988,40.76751709,36,24,Heavy
09-Apr-20,10,4,29.42687988,40.76751709,31,41,High
10-Apr-20,14,5,29.42687988,40.76751709,37,43,High
23-Apr-20,10,4,29.42687988,40.76751709,36,24,Heavy
27-Apr-20,11,1,29.42687988,40.76751709,35,44,High
22-Apr-20,9,3,29.42687988,40.76751709,33,52,High
06-Apr-20,8,1,29.42687988,40.76751709,32,32,Medium
09-Apr-20,6,4,29.42687988,40.76751709,34,28,Medium
30-Apr-20,20,4,29.42687988,40.76751709,32,50,High
02-Apr-20,16,4,29.42687988,40.76751709,32,40,Medium
09-Apr-20,17,4,29.42687988,40.76751709,31,17,Medium
30-Apr-20,21,4,29.42687988,40.76751709,35,54,High
08-Apr-20,23,3,29.42687988,40.76751709,34,51,High
28-Apr-20,3,2,29.42687988,40.76751709,28,25,Medium
23-Apr-20,3,4,29.42687988,40.76751709,31,17,Medium
22-Apr-20,23,3,29.42687988,40.76751709,34,36,Medium
04-Apr-20,13,6,29.42687988,40.76751709,33,30,Medium
15-Apr-20,17,3,29.42687988,40.76751709,33,43,High
28-Apr-20,6,2,29.42687988,40.76751709,35,55,High
22-Apr-20,7,3,29.42687988,40.76751709,33,39,Medium
25-Apr-20,17,6,29.42687988,40.76751709,36,23,Heavy
13-Apr-20,7,1,29.42687988,40.76751709,35,27,Medium
16-Apr-20,20,4,29.42687988,40.76751709,30,52,High
02-Apr-20,11,4,29.42687988,40.76751709,34,26,Medium
26-Apr-20,23,7,29.42687988,40.76751709,33,22,Medium
06-Apr-20,23,1,29.42687988,40.76751709,30,40,Medium
13-Apr-20,3,1,29.42687988,40.76751709,32,37,Medium
23-Apr-20,14,4,29.42687988,40.76751709,37,21,Heavy
14-Apr-20,1,2,29.42687988,40.76751709,31,45,High
14-Apr-20,17,2,29.42687988,40.76751709,31,62,High
28-Apr-20,19,2,29.42687988,40.76751709,32,52,High
08-Apr-20,19,3,29.42687988,40.76751709,33,46,High
10-Apr-20,2,5,29.42687988,40.76751709,31,31,Medium
07-Apr-20,20,2,29.42687988,40.76751709,32,47,High
02-Apr-20,19,4,29.42687988,40.76751709,32,50,High
27-Apr-20,20,1,29.42687988,40.76751709,32,48,High
01-Apr-20,15,3,29.42687988,40.76751709,35,44,High
19-Apr-20,0,7,29.42687988,40.76751709,28,12,Heavy
25-Apr-20,14,6,29.42687988,40.76751709,36,21,Heavy
16-Apr-20,15,4,29.42687988,40.76751709,35,48,High
25-Apr-20,16,6,29.42687988,40.76751709,44,12,Low
23-Apr-20,15,4,29.42687988,40.76751709,36,31,Heavy
02-Apr-20,12,4,29.42687988,40.76751709,31,41,High
28-Apr-20,10,2,29.42687988,40.76751709,32,31,Medium
03-Apr-20,8,5,29.42687988,40.76751709,30,24,Medium
04-Apr-20,18,6,29.42687988,40.76751709,34,32,Medium
18-Apr-20,7,6,29.42687988,40.76751709,33,11,Heavy
27-Apr-20,1,1,29.42687988,40.76751709,31,38,Medium
07-Apr-20,1,2,29.42687988,40.76751709,31,43,High
14-Apr-20,15,2,29.42687988,40.76751709,32,54,High
04-Apr-20,19,6,29.42687988,40.76751709,37,25,Heavy
15-Apr-20,18,3,29.42687988,40.76751709,26,44,High
28-Apr-20,11,2,29.42687988,40.76751709,33,37,Medium
30-Apr-20,23,4,29.42687988,40.76751709,33,43,High
10-Apr-20,23,5,29.42687988,40.76751709,33,42,High
30-Apr-20,17,4,29.42687988,40.76751709,31,41,High
28-Apr-20,17,2,29.42687988,40.76751709,31,53,High
08-Apr-20,17,3,29.42687988,40.76751709,31,50,High
08-Apr-20,4,3,29.42687988,40.76751709,29,39,Medium
04-Apr-20,5,6,29.42687988,40.76751709,34,17,Medium
07-Apr-20,21,2,29.42687988,40.76751709,32,30,Medium
06-Apr-20,18,1,29.42687988,40.76751709,32,34,Medium
22-Apr-20,17,3,29.42687988,40.76751709,34,37,Medium
15-Apr-20,7,3,29.42687988,40.76751709,28,32,Medium
11-Apr-20,14,6,29.42687988,40.76751709,38,20,Heavy
30-Apr-20,2,4,29.42687988,40.76751709,31,56,High
25-Apr-20,7,6,29.42687988,40.76751709,37,17,Heavy
07-Apr-20,17,2,29.42687988,40.76751709,32,51,High
04-Apr-20,0,6,29.42687988,40.76751709,33,40,Medium
10-Apr-20,7,5,29.42687988,40.76751709,30,37,Medium
04-Apr-20,4,6,29.42687988,40.76751709,30,15,Heavy
20-Apr-20,8,1,29.42687988,40.76751709,32,21,Medium
22-Apr-20,13,3,29.42687988,40.76751709,34,30,Medium
03-Apr-20,1,5,29.42687988,40.76751709,30,41,High
25-Apr-20,11,6,29.42687988,40.76751709,35,27,Medium
29-Apr-20,10,3,29.42687988,40.76751709,35,35,Medium
19-Apr-20,23,7,29.42687988,40.76751709,30,30,Medium
16-Apr-20,22,4,29.42687988,40.76751709,32,73,High
11-Apr-20,0,6,29.42687988,40.76751709,30,35,Medium
20-Apr-20,11,1,29.42687988,40.76751709,35,44,High
18-Apr-20,6,6,29.42687988,40.76751709,32,11,Heavy
23-Apr-20,20,4,29.42687988,40.76751709,36,11,Low
10-Apr-20,22,5,29.42687988,40.76751709,30,46,High
29-Apr-20,16,3,29.42687988,40.76751709,32,50,High
29-Apr-20,15,3,29.42687988,40.76751709,33,41,High
20-Apr-20,7,1,29.42687988,40.76751709,39,27,Heavy
30-Apr-20,22,4,29.42687988,40.76751709,34,56,High
08-Apr-20,12,3,29.42687988,40.76751709,33,40,Medium
08-Apr-20,9,3,29.42687988,40.76751709,36,29,Heavy
20-Apr-20,22,1,29.42687988,40.76751709,32,57,High
05-Apr-20,23,7,29.42687988,40.76751709,27,23,Medium
17-Apr-20,2,5,29.42687988,40.76751709,30,45,High
27-Apr-20,2,1,29.42687988,40.76751709,32,47,High
15-Apr-20,23,3,29.42687988,40.76751709,32,56,High
19-Apr-20,19,7,29.42687988,40.76751709,31,19,Medium
08-Apr-20,5,3,29.42687988,40.76751709,32,23,Medium
13-Apr-20,17,1,29.42687988,40.76751709,31,51,High
23-Apr-20,17,4,29.42687988,40.76751709,35,27,Medium
15-Apr-20,13,3,29.42687988,40.76751709,34,55,High
08-Apr-20,16,3,29.42687988,40.76751709,27,37,Medium
27-Apr-20,18,1,29.42687988,40.76751709,32,43,High
06-Apr-20,3,1,29.42687988,40.76751709,28,22,Medium
29-Apr-20,12,3,29.42687988,40.76751709,34,58,High
09-Apr-20,12,4,29.42687988,40.76751709,34,42,High
15-Apr-20,0,3,29.42687988,40.76751709,31,47,High
15-Apr-20,10,3,29.42687988,40.76751709,37,34,Heavy
16-Apr-20,3,4,29.42687988,40.76751709,32,36,Medium
01-Apr-20,13,3,29.42687988,40.76751709,33,47,High
26-Apr-20,13,7,29.42687988,40.76751709,36,16,Heavy
15-Apr-20,8,3,29.42687988,40.76751709,34,25,Medium
13-Apr-20,4,1,29.42687988,40.76751709,29,16,Medium
20-Apr-20,2,1,29.42687988,40.76751709,29,49,High
03-Apr-20,0,5,29.42687988,40.76751709,29,51,High
25-Apr-20,12,6,29.42687988,40.76751709,37,22,Heavy
07-Apr-20,10,2,29.42687988,40.76751709,28,20,Medium
06-Apr-20,15,1,29.42687988,40.76751709,32,35,Medium
30-Apr-20,12,4,29.42687988,40.76751709,35,48,High
15-Apr-20,14,3,29.42687988,40.76751709,35,43,High
30-Apr-20,14,4,29.42687988,40.76751709,35,42,High
16-Apr-20,19,4,29.42687988,40.76751709,32,59,High
27-Apr-20,10,1,29.42687988,40.76751709,40,47,High
